player_name,player_id,year,player_age,pa,avg_swing_speed,squared_up_swing,max_age,min_age
"Baty, Brett",683146,2024,24,171,73.5,14.4,25,23
"Haase, Eric",606992,2023,30,293,72.5,17.2,32,30
"Schanuel, Nolan",694384,2025,23,564,67.5,32.4,23,21
"Robinson, Chuckie",642020,2024,29,76,71.3,15,29,29
"Stefanic, Michael",683021,2025,29,25,67.8,40.7,29,27
"Soler, Jorge",624585,2023,31,580,75.8,23,33,31
"Walsh, Jared",665120,2023,29,116,73.3,16.2,30,29
"Waters, Drew",671221,2023,24,337,73,17.3,26,24
"Bruján, Vidal",660644,2023,25,84,68.3,22.7,27,25
"Almonte, Abraham",501659,2023,34,16,69.1,14.3,34,34
"Pérez, Carlos",656024,2023,26,53,67.6,24.3,26,26
"Cameron, Daz",663662,2024,27,186,72.9,25.2,28,27
"Díaz, Aledmys",649557,2024,33,34,68.9,25.9,33,32
"Kayfus, C.J.",692216,2025,23,138,71.1,23.1,23,23
"Riley, Austin",663586,2023,26,715,76.3,21.9,28,26
"Guillorme, Luis",641645,2023,28,120,65.2,36,30,28
"Thaiss, Matt",642136,2025,30,190,72.2,19.1,30,28
"McCoy, Mason",669200,2025,30,26,68.7,16.1,30,29
"Reyes, Pablo",622569,2023,29,185,69.4,38.3,31,29
"Campusano, Luis",669134,2023,24,174,68.7,31.8,26,24
"Freeman, Freddie",518692,2025,35,627,69.8,26.6,35,33
"Pereira, Everson",677592,2025,24,73,74.1,18.1,24,22
"Alexander, Blaze",677942,2025,26,266,72.1,19.6,26,25
"Jansen, Danny",643376,2023,28,301,70.9,24.1,30,28
"Judge, Aaron",592450,2025,33,679,77,23.1,33,31
"Tauchman, Mike",643565,2023,32,401,68.4,29.4,34,32
"Goldschmidt, Paul",502671,2023,35,687,72.1,22.2,37,35
"Carroll, Corbin",682998,2024,23,684,73.7,27.7,24,22
"Canzone, Dominic",686527,2024,26,188,72.4,24.2,27,25
"Guzman, Denzer",694203,2025,21,43,72.1,11,21,21
"Alcantara, Kevin",682634,2025,22,12,73.2,21.1,22,21
"Kwan, Steven",680757,2023,25,718,64.1,41.1,27,25
"Caglianone, Jac",695506,2025,22,232,77.3,19.6,22,22
"De La Cruz, Bryan",650559,2025,28,50,71.8,21.6,28,26
"Siri, Jose",642350,2024,28,448,72.5,16.8,29,27
"Barnhart, Tucker",571466,2023,32,123,67.3,22.6,34,32
"Taylor, Tyrone",621438,2025,31,341,70.3,24.5,31,29
"Monasterio, Andruw",655316,2023,26,315,67.1,32.5,28,26
"Castellanos, Nick",592206,2024,32,659,71.9,23.5,33,31
"Cameron, Daz",663662,2025,28,42,75.4,18.7,28,27
"Martinez, J.D.",502110,2023,35,479,72.9,23.9,36,35
"Hernández, Teoscar",606192,2024,31,652,73.2,19.9,32,30
"Walker, Christian",572233,2025,34,640,74.1,21,34,32
"Young, Jared",676724,2025,29,47,74,16.3,29,27
"García, Luis",671277,2025,25,526,72.4,30.4,25,23
"Espinal, Santiago",669289,2024,29,391,66.5,30.2,30,28
"Alonso, Pete",624413,2025,30,709,75.3,25.4,30,28
"Davis, Henry",680779,2025,25,283,73.9,19.3,25,23
"Santander, Anthony",623993,2025,30,221,72,20.9,30,28
"Moncada, Yoán",660162,2023,28,357,74.2,22.6,30,28
"Alvarez, Francisco",682626,2024,22,342,73.5,22.8,23,21
"Cabbage, Trey",663550,2023,26,56,75.2,6.9,27,26
"Herrera, Jose",645444,2025,28,204,67,25.9,28,26
"De La Cruz, Elly",682829,2023,21,427,76.7,18.1,23,21
"Noda, Ryan",676116,2025,29,59,72.4,15.7,29,27
"Mathias, Mark",664029,2023,28,72,67,17.6,28,28
"Wilson, Weston",642215,2025,30,125,74.1,19.5,30,28
"Manzardo, Kyle",700932,2025,24,531,70.6,26.1,24,23
"Sheets, Gavin",657757,2025,29,545,74.8,25,29,27
"Pauley, Graham",688363,2024,23,32,67.8,13,24,23
"Vilade, Ryan",668723,2025,26,15,74.4,17.2,26,25
"d'Arnaud, Travis",518595,2023,34,292,72.3,22.4,36,34
"Wall, Forrest",657088,2024,28,35,69.2,31.4,28,27
"Westburg, Jordan",676059,2025,26,352,70.8,25.1,26,24
"Kreidler, Ryan",668952,2025,27,44,71,16.5,27,26
"Short, Zack",670097,2025,30,56,69.7,20.9,30,28
"DeJong, Paul",657557,2024,30,482,72,18.3,31,29
"Marte, Noelvi",682622,2023,21,123,74.1,31.2,23,21
"Larnach, Trevor",663616,2025,28,567,72.2,27.1,28,26
"Santana, Carlos",467793,2025,39,474,71.3,22.6,39,37
"Mendick, Danny",664901,2024,30,141,66.9,25,30,29
"Toro, Abraham",647351,2024,27,364,69.6,29.9,28,26
"Morel, Christopher",666624,2024,25,611,76.1,20.1,26,24
"Beavers, Dylan",687637,2025,23,137,72.3,22.3,23,23
"Matos, Luis",682641,2023,21,253,72.2,30.7,23,21
"Duran, Jarren",680776,2025,28,696,74.8,23.4,28,26
"Trevino, Jose",624431,2024,31,234,68.9,34,32,30
"Conforto, Michael",624424,2023,30,470,73,24.7,32,30
"Fry, David",681807,2023,27,113,70.8,22.5,29,27
"Capra, Vinny",681962,2025,28,105,68.5,33.1,28,26
"Taylor, Michael A.",572191,2025,34,325,72.4,20.3,34,32
"Correa, Carlos",621043,2023,28,580,74.8,27.7,30,28
"Abreu, Wilyer",677800,2023,24,85,74.1,23.1,26,24
"Díaz, Yandy",650490,2025,33,651,73.6,30.2,33,31
"Palacios, Joshua",641943,2025,29,145,72,18.4,29,27
"McKenna, Ryan",663630,2024,27,15,73.5,25,27,26
"DeJong, Paul",657557,2023,29,400,69.4,23.4,31,29
"Kiermaier, Kevin",595281,2024,34,281,70.4,22.4,34,33
"Vázquez, Luis",676679,2025,25,53,72.4,23.1,25,24
"Mesa Jr., Victor",683748,2025,23,38,72.7,27.3,23,23
"Kennedy, Buddy",671083,2023,24,29,69.8,32.5,26,24
"O'Hoppe, Logan",681351,2023,23,199,69.9,23.8,25,23
"Carroll, Corbin",682998,2025,24,642,74.7,23.3,24,22
"Canario, Alexander",672744,2025,25,234,76,16.3,25,23
"Higashioka, Kyle",543309,2025,35,327,70.9,29.7,35,33
"France, Ty",664034,2024,29,535,71,24.1,30,28
"Espinal, Santiago",669289,2023,28,254,69.2,32.5,30,28
"Pozo, Yohel",650968,2025,28,168,69.5,24.8,28,28
"Devanney, Cam",687478,2025,28,38,70.2,12.7,28,28
"Berti, Jon",542932,2023,33,424,72.3,23.7,35,33
"Ibáñez, Andy",628451,2025,32,193,69.2,30.7,32,30
"Stefanic, Michael",683021,2024,28,124,64.4,34.4,29,27
"Chisholm Jr., Jazz",665862,2023,25,383,72.9,21.9,27,25
"Peña, Jeremy",665161,2023,25,634,71.7,23.9,27,25
"Bell, Josh",605137,2024,31,603,70.4,27.3,32,30
"Wall, Forrest",657088,2023,27,15,64.9,19.2,28,27
"Hernández, Enrique",571771,2024,32,393,71.7,26.5,33,31
"Chavis, Michael",656308,2023,27,96,72.7,18.1,27,27
"Bernabel, Warming",682653,2025,23,146,69.2,24.4,23,23
"Villar, David",681584,2025,28,25,69.2,17.6,28,26
"Renfroe, Hunter",592669,2024,32,424,75.2,23.5,33,31
"Segura, Jean",516416,2023,33,326,70,28.2,33,33
"Duran, Ezequiel",677649,2023,24,439,73.4,18.1,26,24
"Tauchman, Mike",643565,2024,33,350,69.3,24.4,34,32
"Nootbaar, Lars",663457,2024,26,405,72.6,31,27,25
"Suárez, Eugenio",553993,2025,33,657,72.3,22.2,33,31
"Saggese, Thomas",695336,2024,22,52,70.2,22.1,23,22
"Adames, Willy",642715,2023,27,638,72.5,20,29,27
"Canha, Mark",592192,2024,35,462,68.4,29.1,36,34
"Kennedy, Buddy",671083,2024,25,26,69.6,22.2,26,24
"Taveras, Leody",665750,2025,26,180,71.2,20.6,26,24
"Trammell, Taylor",666211,2025,27,135,74.6,19.3,27,25
"Margot, Manuel",622534,2024,29,343,72,25.1,30,28
"Muncy, Max",571970,2025,34,388,71.1,24.4,34,32
"Adell, Jo",666176,2023,24,62,79.2,11.2,26,24
"Alu, Jake",666906,2023,26,175,67.8,24.8,26,26
"Kirk, Alejandro",672386,2025,26,506,72.5,31.5,26,24
"Hilliard, Sam",656541,2025,31,61,75.2,18.1,31,29
"Hall, Darick",669742,2023,27,56,72,8.3,27,27
"Perkins, Blake",663368,2023,26,168,69.1,22.5,28,26
"Smith, Josh",669701,2025,27,563,69.1,27.3,27,25
"Taylor, Chris",621035,2025,34,125,69.8,19.2,34,32
"Rivera, Emmanuel",656896,2025,29,127,68.3,27.1,29,27
"Rodríguez, Julio",677594,2023,22,714,77.2,24.3,24,22
"Renfroe, Hunter",592669,2025,33,108,74.5,25.2,33,31
"Happ, Ian",664023,2023,28,691,71.8,27,30,28
"Baddoo, Akil",668731,2023,24,357,72.2,21.5,26,24
"McNeil, Jeff",643446,2023,31,648,68.2,34.4,33,31
"Arias, Gabriel",672356,2023,23,345,74.9,19,25,23
"Sosa, Lenyn",672820,2024,24,369,71.7,26.9,25,23
"Arias, Gabriel",672356,2025,25,471,75.1,16.8,25,23
"Sogard, Nick",686765,2024,26,86,65.9,23.4,27,26
"Smith, Josh",669701,2024,26,592,70.2,27.9,27,25
"McKinstry, Zach",656716,2024,29,325,67.2,30.4,30,28
"De La Cruz, Elly",682829,2024,22,696,75.2,22.1,23,21
"Ramírez, Agustín",682663,2025,23,585,75.2,24.3,23,23
"Walls, Taylor",670764,2024,27,252,67.3,24.5,28,26
"Helman, Michael",680737,2024,28,10,69.6,28.6,29,28
"Knizner, Andrew",668800,2025,30,88,69.2,22.2,30,28
"Walls, Taylor",670764,2025,28,317,68.8,27.5,28,26
"Marcano, Tucupita",672779,2023,23,220,65.7,26.7,23,23
"Vivas, Jorbit",678391,2025,24,66,70.3,22.7,24,24
"Raley, Luke",670042,2025,30,219,73.8,17.3,30,28
"Perez, Salvador",521692,2023,33,580,72.7,22.7,35,33
"Tolbert, Tyler",686475,2025,27,57,69.7,28.9,27,27
"Díaz, Elias",553869,2025,34,283,72.8,20.6,34,32
"Joe, Connor",656582,2025,32,80,72.3,26.7,32,30
"Tellez, Rowdy",642133,2023,28,351,74.5,25.5,30,28
"Rodríguez, Julio",677594,2025,24,710,76.4,22.6,24,22
"Duran, Jarren",680776,2023,26,362,73.4,25.8,28,26
"Pederson, Joc",592626,2023,31,425,72.6,30.3,33,31
"Carroll, Corbin",682998,2023,22,645,73.2,28.2,24,22
"Crawford, J.P.",641487,2024,29,451,71.9,23.3,30,28
"Gurriel Jr., Yuli",493329,2024,40,65,73.3,27.4,40,39
"Maldonado, Martín",455117,2023,36,407,71.7,18.6,38,36
"Bliss, Ryan",669208,2025,25,39,70.1,25.9,25,24
"Dalbec, Bobby",666915,2024,29,93,72.3,15.4,30,28
"Foscue, Justin",679822,2024,25,44,69.9,18.5,25,25
"Isbel, Kyle",664728,2023,26,313,71,33.9,28,26
"Bethancourt, Christian",542194,2023,31,332,72.5,18.1,32,31
"Vogelbach, Daniel",596129,2023,30,319,70.9,28.6,31,30
"Wallner, Matt",670242,2025,27,392,76.6,16.3,27,25
"Wisely, Brett",689172,2025,26,63,67.8,21.7,26,24
"Siri, Jose",642350,2025,29,36,72.1,11.1,29,27
"Yorke, Nick",694377,2025,23,72,72.1,17.4,23,22
"Bride, Jonah",681146,2025,29,125,68.2,26.2,29,27
"Bauers, Jake",641343,2025,29,218,76.5,21.4,29,27
"Friedl Jr., TJ",670770,2023,27,556,68.6,28.3,29,27
"Caminero, Junior",691406,2024,20,177,77.2,24.2,21,20
"LeMahieu, DJ",518934,2024,35,228,67.3,32.6,36,34
"Pache, Cristian",665506,2024,25,183,71.7,19.3,25,24
"Sweeney, Trey",700242,2024,24,119,74.3,23.1,25,24
"Cabrera, Oswaldo",665828,2024,25,326,68.3,27.7,26,24
"Senger, Hayden",663584,2025,28,78,72.9,25.4,28,28
"Smith, Kevin",675656,2023,26,146,69.4,17.9,26,26
"House, Brady",691781,2025,22,274,72.4,23.8,22,22
"Keirsey Jr., DaShawn",680577,2025,28,88,69,20,28,27
"Grossman, Robbie",543257,2024,34,245,67.5,28.8,34,33
"Benson, Will",666181,2023,25,329,70.3,22,27,25
"Ward, Taylor",621493,2025,31,663,69.5,28.9,31,29
"Vaughn, Andrew",683734,2025,27,447,70.7,32,27,25
"Noel, Jhonkensy",678877,2024,22,198,78,14.1,23,22
"Jones, Nolan",666134,2024,26,297,70.7,23.9,27,25
"Madris, Bligh",676632,2024,28,75,71.6,24.8,28,27
"Koss, Christian",683766,2025,27,191,69.9,25.5,27,27
"Outman, James",681546,2023,26,567,73.4,16.1,28,26
"Ruiz, Esteury",665923,2024,25,65,72.4,18.5,26,24
"Grichuk, Randal",545341,2023,31,471,74.5,25,33,31
"Adames, Willy",642715,2024,28,688,73.6,21.1,29,27
"Robert Jr., Luis",673357,2025,27,431,75.6,20.3,27,25
"Hamilton, David",666152,2025,27,194,70.5,25.7,27,25
"Santander, Anthony",623993,2024,29,665,73.1,22.3,30,28
"Rosario, Eguy",666703,2023,23,37,70.6,20.9,24,23
"Jimenez, Leo",677870,2024,23,210,69.7,22.3,24,23
"Hampson, Garrett",641658,2024,29,231,69,24.5,30,28
"Hampson, Garrett",641658,2023,28,252,67.4,30.6,30,28
"Simpson, Chandler",802415,2025,24,441,64.2,37.6,24,24
"Pratto, Nick",668472,2023,24,345,69.7,14.2,24,24
"Haase, Eric",606992,2025,32,77,71.3,13.6,32,30
"Miller, Brad",543543,2023,33,67,71.4,18.8,33,33
"Paredes, Isaac",670623,2024,25,641,68.2,24.2,26,24
"Harper, Bryce",547180,2025,32,580,74.2,21.4,32,30
"Rivas III, Alfonso",663845,2023,26,123,70.6,24.5,26,26
"Rojas, Miguel",500743,2025,36,317,68.2,33.8,36,34
"Amaya, Miguel",665804,2024,25,363,72.9,23.4,26,24
"Montero, Elehuris",660707,2023,24,307,75.3,17.7,25,24
"McNeil, Jeff",643446,2024,32,472,68.8,27.7,33,31
"Duran, Jarren",680776,2024,27,735,73.6,23.2,28,26
"Biggio, Cavan",624415,2025,30,83,68,30.6,30,28
"Hernández, Enrique",571771,2025,33,256,71.1,22.9,33,31
"Hernandez, Heriberto",681715,2025,25,294,73.4,23.6,25,25
"Bailey, Patrick",672275,2023,24,353,70,21.4,26,24
"Raleigh, Cal",663728,2023,26,569,75,19.4,28,26
"Pham, Tommy",502054,2023,35,481,73.8,30.8,37,35
"Porter, Logan",682515,2023,27,38,70.7,22,27,27
"Bleday, JJ",668709,2025,27,344,71.7,24.5,27,25
"Tena, José",677588,2025,24,169,70.8,29.5,24,22
"Steer, Spencer",668715,2024,26,656,71.6,25.6,27,25
"Sosa, Lenyn",672820,2023,23,173,70.8,28.3,25,23
"Sweeney, Trey",700242,2025,25,326,73.6,19.7,25,24
"Church, Nathan",701675,2025,24,65,69,20.2,24,24
"Bichette, Bo",666182,2024,26,336,70.4,25.8,27,25
"Blackmon, Charlie",453568,2024,37,499,67.4,23.8,37,36
"Alvarez, Eddy",657193,2024,34,11,70.6,26.3,34,34
"Dalbec, Bobby",666915,2025,30,21,73.3,12.5,30,28
"Williamson, Ben",810938,2025,24,295,69.7,24.2,24,24
"García, Adolis",666969,2024,31,637,72,22.6,32,30
"Pereira, Everson",677592,2023,22,103,73.5,19.9,24,22
"Adames, Willy",642715,2025,29,686,72.1,21.4,29,27
"Betts, Mookie",605141,2025,32,663,69,41.3,32,30
"Montgomery, Colson",695657,2025,23,284,77,17.8,23,23
"Torrens, Luis",620443,2025,29,283,70.8,29.1,29,27
"Lukes, Nathan",664770,2023,28,31,63.5,7.7,30,28
"Dunn, Blake",694362,2024,25,29,71.6,18.2,26,25
"Larnach, Trevor",663616,2023,26,212,73.2,32.1,28,26
"Perez, Salvador",521692,2024,34,652,73.2,24.9,35,33
"Barrosa, Jorge",678489,2024,23,18,68.6,26.1,24,23
"Jones, Nolan",666134,2023,25,424,72.4,19.1,27,25
"Horwitz, Spencer",687462,2024,26,381,69.5,27.3,27,25
"Swanson, Dansby",621020,2025,31,645,70.9,25.7,31,29
"Acuña, Luisangel",682668,2025,23,193,70.7,27,23,22
"Rafaela, Ceddanne",678882,2025,24,587,71,24.3,24,22
"Guerrero Jr., Vladimir",665489,2025,26,680,76.7,29.3,26,24
"Chapman, Matt",656305,2025,32,535,75,22.8,32,30
"Jansen, Danny",643376,2025,30,337,69.5,25.6,30,28
"Ramírez, José",608070,2025,32,673,70.9,30.1,32,30
"Acuña Jr., Ronald",660670,2023,25,735,77.3,29.7,27,25
"Mountcastle, Ryan",663624,2024,27,507,75.1,21.2,28,26
"Allen, Nick",669397,2025,26,416,64.5,27.1,26,24
"Caminero, Junior",691406,2025,21,653,78.6,22.3,21,20
"Buxton, Byron",621439,2024,30,388,74.3,22,31,29
"Lopez, Irving",676761,2023,28,12,66.3,17.4,28,28
"Friedl Jr., TJ",670770,2025,29,685,69.9,30.7,29,27
"Bellinger, Cody",641355,2025,29,656,70.1,28.1,29,27
"Cook, Billy",695257,2024,25,49,72.3,21.1,25,25
"Fulford, Braxton",690924,2025,26,120,71.6,20.3,26,26
"Varsho, Daulton",662139,2023,26,581,74.6,19,28,26
"Winn, Masyn",691026,2025,23,537,71.1,25.4,23,21
"Clase, Jonatan",682729,2024,22,66,70.6,20.7,23,22
"Díaz, Yandy",650490,2023,31,600,73.8,30,33,31
"Turner, Trea",607208,2025,32,639,71.2,25.7,32,30
"Chisholm Jr., Jazz",665862,2025,27,531,73.9,20.4,27,25
"Campusano, Luis",669134,2024,25,299,69.2,30,26,24
"Henderson, Gunnar",683002,2025,24,651,75.4,25.2,24,22
"Correa, Carlos",621043,2025,30,584,73.8,24.9,30,28
"Arraez, Luis",650333,2023,26,617,63.8,45.2,28,26
"Sosa, Edmundo",624641,2025,29,261,72.3,23,29,27
"Guerrero Jr., Vladimir",665489,2024,25,697,75.9,27.7,26,24
"Smith, Pavin",656976,2025,29,288,72,22.3,29,27
"Edman, Tommy",669242,2024,29,153,69.8,30.2,30,28
"Burleson, Alec",676475,2023,24,347,70.4,31.1,26,24
"Seager, Corey",608369,2023,29,536,71.8,28.6,31,29
"Refsnyder, Rob",608701,2024,33,307,72.8,23.5,34,32
"Marsee, Jakob",805300,2025,24,234,70.5,29.6,24,24
"Frazier, Adam",624428,2023,31,455,67,30.4,33,31
"Riley, Austin",663586,2024,27,469,75.2,24.4,28,26
"Anderson, Tim",641313,2025,32,90,69.1,21.3,32,30
"Paris, Kyren",677347,2024,22,59,72.1,20.7,23,21
"Laureano, Ramón",657656,2024,29,309,72.7,20.6,30,28
"Moncada, Yoán",660162,2025,30,289,73.4,23.5,30,28
"Flores Jr., Rafael",804668,2025,24,17,73.5,15.8,24,24
"Kjerstad, Heston",677008,2024,25,114,70.9,20.5,26,24
"Garcia, Maikel",672580,2023,23,515,69.8,35.4,25,23
"Semien, Marcus",543760,2023,32,753,68.7,31.5,34,32
"Turang, Brice",668930,2025,25,659,70.7,27.9,25,23
"Chaparro, Andrés",665953,2024,25,132,72.4,18.7,26,25
"Lawlar, Jordan",691783,2025,22,74,71.7,17,22,20
"Blankenhorn, Travis",663905,2024,27,32,73.5,17.2,27,26
"Steer, Spencer",668715,2023,25,665,71.5,23,27,25
"Schwarber, Kyle",656941,2024,31,692,77.5,23.3,32,30
"Flores, Wilmer",527038,2023,31,454,67.5,30.1,33,31
"McMahon, Ryan",641857,2023,28,627,72.2,17.3,30,28
"Bethancourt, Christian",542194,2024,32,147,71.9,23.8,32,31
"Rosario, Eguy",666703,2024,24,57,72.5,23.3,24,23
"Donovan, Brendan",680977,2024,27,652,69.6,35.2,28,26
"Bader, Harrison",664056,2025,31,501,73.5,20.5,31,29
"Garcia, Maikel",672580,2025,25,666,71.9,38.3,25,23
"Marsh, Brandon",669016,2025,27,425,71.4,26.8,27,25
"Toro, Abraham",647351,2025,28,284,69.6,26.6,28,26
"Nuñez, Nasim",683083,2025,24,92,69.4,25.9,24,23
"Peterson, Jace",607054,2023,33,430,67.6,26.3,34,33
"Slater, Austin",596103,2025,32,160,69.6,23.4,32,30
"Taylor, Chris",621035,2023,32,384,71.2,15.8,34,32
"Carpenter, Kerry",681481,2024,26,296,71.5,24.8,27,25
"Trevino, Jose",624431,2025,32,302,68.9,34.7,32,30
"Thomas, Rhylan",689041,2025,25,10,66.2,31.6,25,25
"Suwinski, Jack",669261,2023,24,534,73.7,17.3,26,24
"Vogelbach, Daniel",596129,2024,31,79,72.5,37.2,31,30
"Moreno, Gabriel",672515,2023,23,380,70.3,29.6,25,23
"Rojas, Johan",679032,2024,23,363,71.3,25.2,24,22
"Candelario, Jeimer",600869,2025,31,91,69.5,19.6,31,29
"Alexander, Blaze",677942,2024,25,185,73.1,19.9,26,25
"Bregman, Alex",608324,2023,29,724,70.2,38.9,31,29
"Kavadas, Niko",694359,2024,25,106,70.5,23.1,26,25
"Cronenworth, Jake",630105,2023,29,522,68.3,27,31,29
"Murphy, Tom",608596,2023,32,159,72.5,23.5,33,32
"Mitchell, Garrett",669003,2024,25,224,75.7,17.3,26,24
"Santana, Carlos",467793,2024,38,594,71.8,28.3,39,37
"Bailey, Patrick",672275,2025,26,452,71.6,22.9,26,24
"Blankenhorn, Travis",663905,2023,26,37,73.6,35.3,27,26
"Contreras, William",661388,2025,27,659,73.2,28.6,27,25
"Fairchild, Stuart",656413,2024,28,233,70.3,21.4,29,27
"Bryant, Kris",592178,2025,33,41,71.2,26.8,33,31
"Schmitt, Casey",669477,2025,26,348,71.7,23.1,26,24
"Loperfido, Joey",694388,2024,25,262,72.9,17.4,26,25
"Dubón, Mauricio",643289,2024,29,428,69.4,27.4,30,28
"Machado, Manny",592518,2025,32,678,74.5,26.6,32,30
"Edwards, Xavier",669364,2023,23,84,64,26.8,25,23
"Lee, Jung Hoo",808982,2025,26,617,68.3,34.9,26,25
"Story, Trevor",596115,2025,32,654,71.1,22,32,30
"Abrams, CJ",682928,2025,24,635,72.4,24.3,24,22
"Campero, Gustavo",672569,2025,27,66,69.1,23.2,27,26
"DeJong, Paul",657557,2025,31,208,72.2,17.9,31,29
"Edman, Tommy",669242,2023,28,528,70.8,32,30,28
"Fairchild, Stuart",656413,2023,27,255,70.4,18.8,29,27
"Toro, Abraham",647351,2023,26,21,71.8,26.7,28,26
"Knizner, Andrew",668800,2024,29,93,70.3,23.8,30,28
"Bride, Jonah",681146,2024,28,272,67.9,30.5,29,27
"Lockridge, Brandon",663604,2024,27,12,70.9,23.8,28,27
"O'Hearn, Ryan",656811,2024,30,494,72.4,28.3,31,29
"O'Neill, Tyler",641933,2024,29,473,75.2,18.6,30,28
"Lowe, Brandon",664040,2025,30,553,73.9,21,30,28
"Wynns, Austin",642851,2025,34,110,70.9,22.7,34,32
"Grisham, Trent",663757,2024,27,209,70.4,30.9,28,26
"Baldwin, Drake",686948,2025,24,446,75.3,25.6,24,24
"Narváez, Carlos",665966,2024,25,15,73.1,14.8,26,25
"Betts, Mookie",605141,2024,31,516,69,37.3,32,30
"Tellez, Rowdy",642133,2025,30,312,74.8,24.2,30,28
"McCormick, Chas",676801,2025,30,116,71.5,17.8,30,28
"Ritter, Ryan",690022,2025,24,207,69.1,17.2,24,24
"Rosario, Amed",642708,2023,27,545,71.2,24.9,29,27
"Devers, Rafael",646240,2025,28,729,71.6,21.7,28,26
"France, Ty",664034,2023,28,665,71.8,24.2,30,28
"Odor, Rougned",596059,2023,29,157,73.2,37.5,29,29
"Acuña Jr., Ronald",660670,2025,27,412,76.4,20.1,27,25
"Rogers, Jake",668670,2023,28,365,70,29.5,30,28
"Suárez, Eugenio",553993,2024,32,640,72.2,22.2,33,31
"Hamilton, David",666152,2023,25,39,74,40,27,25
"Alvarez, Francisco",682626,2025,23,277,74,25.6,23,21
"Goodrum, Niko",592348,2024,32,33,72.6,16.3,32,32
"Vientos, Mark",668901,2025,25,463,71.2,25.9,25,23
"Turner, Justin",457759,2023,38,626,66.4,32.8,40,38
"Giménez, Andrés",665926,2023,24,616,68.8,23,26,24
"Pollock, AJ",572041,2023,35,144,72.5,40.7,35,35
"Heineman, Tyler",623168,2024,33,16,67.4,12.5,34,32
"LeMahieu, DJ",518934,2023,34,562,68.2,30,36,34
"Johnson, Bryce",669369,2024,28,73,67.1,25.2,29,28
"Rendon, Anthony",543685,2024,34,238,68.3,34,34,34
"Peguero, Liover",678894,2025,24,88,73.1,15.1,24,22
"Ahmed, Nick",605113,2024,34,228,67.9,22.5,35,33
"Workman, Gage",669398,2025,25,17,71.8,23.1,25,25
"Adams, Riley",656180,2023,27,158,75.2,22,29,27
"Baker, Luken",663609,2024,27,49,73.9,23.2,28,26
"McKinney, Billy",641856,2024,29,28,68.6,16.7,30,28
"McCann, James",543510,2024,34,233,70.7,22.9,35,33
"Amaya, Jacob",676070,2025,26,73,66.8,41.6,26,25
"Fermin, Freddy",666023,2025,30,347,69.6,26.3,30,28
"Hiura, Keston",669374,2024,27,27,72.7,10.9,28,27
"Adams, Riley",656180,2024,28,130,75.5,18.8,29,27
"McKinstry, Zach",656716,2023,28,518,67.9,25.1,30,28
"Mountcastle, Ryan",663624,2025,28,357,75.2,19,28,26
"Cruz, Oneil",665833,2024,25,599,78.5,22.9,26,25
"Berti, Jon",542932,2025,35,107,72.2,24.4,35,33
"Diaz, Yainer",673237,2023,24,377,73.7,25.1,26,24
"Gallagher, Cam",595956,2023,30,149,68.8,17.6,30,30
"Cronenworth, Jake",630105,2025,31,515,70.9,24.6,31,29
"Hinds, Rece",677956,2024,23,51,75.2,18.5,24,23
"Vázquez, Christian",543877,2023,32,355,66.6,28.7,34,32
"Haase, Eric",606992,2024,31,69,71.2,23.3,32,30
"Hensley, David",682073,2024,28,58,70.6,25.3,28,27
"Riley, Austin",663586,2025,28,447,75.9,19.9,28,26
"McCusker, Carson",676812,2025,27,30,75.4,9.3,27,27
"Tucker, Kyle",663656,2023,26,674,71.9,29.9,28,26
"Narváez, Omar",553882,2024,32,69,65.8,29.5,33,31
"Lukes, Nathan",664770,2024,29,91,66.2,29.6,30,28
"Contreras, Willson",575929,2024,32,358,75.9,18.6,33,31
"Torkelson, Spencer",679529,2025,25,649,73,23.1,25,23
"Smith, Dominic",642086,2023,28,586,68.6,30.4,30,28
"Rice, Ben",700250,2024,25,178,71.4,23.4,26,25
"Jones, Jahmai",663330,2025,27,150,73.6,22.4,27,25
"Julien, Edouard",666397,2023,24,408,71.1,25.4,26,24
"Brooks, Trenton",670092,2025,29,43,66.9,24.4,29,28
"Naylor, Bo",666310,2023,23,230,72.1,19.7,25,23
"Noel, Jhonkensy",678877,2025,23,153,77.9,14.4,23,22
"Melendez Jr., MJ",669004,2023,24,602,72.1,27.2,26,24
"Rafaela, Ceddanne",678882,2024,23,571,70.1,20.9,24,22
"Torres, Gleyber",650402,2025,28,628,70.2,29.2,28,26
"Wisdom, Patrick",621550,2024,32,174,75.4,19.5,32,31
"Crooks II, Jimmy",699625,2025,23,46,71.9,21.1,23,23
"Ornelas, Jonathan",680716,2025,25,10,72.3,11.8,25,24
"Marsh, Brandon",669016,2024,26,476,71.9,24.9,27,25
"Luciano, Marco",682617,2023,21,45,72.8,21,22,21
"Profar, Jurickson",595777,2025,32,371,70.9,24.5,32,30
"Valdez, Enmanuel",665839,2024,25,223,70.4,25.6,26,24
"Tena, José",677588,2024,23,168,71.2,27.9,24,22
"Merrill, Jackson",701538,2024,21,593,72.2,24.9,22,21
"Taylor, Chris",621035,2024,33,246,70,19.2,34,32
"Stowers, Kyle",669065,2024,26,209,73.7,18,27,26
"Lopez, Nicky",670032,2024,29,445,64.2,32.3,30,28
"Baker, Luken",663609,2023,26,99,73.9,26.4,28,26
"Cowser, Colton",681297,2024,24,561,73.8,22.8,25,23
"Brooks, Trenton",670092,2024,28,29,64.8,35,29,28
"Sánchez, Jesús",660821,2024,26,537,75.2,22.2,27,25
"Flores, Wilmer",527038,2025,33,463,65.5,27.8,33,31
"Schneemann, Daniel",682177,2025,28,422,70.9,24.7,28,27
"Stanton, Giancarlo",519317,2025,35,281,80.6,19,35,33
"Witt Jr., Bobby",677951,2024,24,709,74.7,27.4,25,23
"Edman, Tommy",669242,2025,30,377,70.2,30.7,30,28
"Banfield V, Will",677943,2025,25,10,70.6,4.5,25,25
"Gomes, Yan",543228,2023,35,419,69,28.7,36,35
"Judge, Aaron",592450,2024,32,704,77.1,24.2,33,31
"Davis, Henry",680779,2023,23,255,73.1,22.8,25,23
"Wiemer Jr., Joey",686894,2025,26,61,72.5,20,26,24
"Escobar, Eduardo",500871,2023,34,309,68.3,22,34,34
"Cortes, Carlos",666126,2025,28,99,71,27.1,28,28
"Mayo, Coby",691723,2025,23,294,74.7,17.3,23,22
"Vargas, Ildemaro",545121,2023,31,286,69.5,33.7,33,31
"Mayo, Coby",691723,2024,22,46,74.1,12.7,23,22
"Kemp, Otto",805249,2025,25,218,72.8,21.5,25,25
"Neto, Zach",687263,2025,24,554,71.4,26.6,24,22
"Julks, Corey",667452,2024,28,189,70.7,20.4,29,27
"Soderstrom, Tyler",691016,2024,22,213,74.4,24.9,23,21
"Ramos, Bryan",682868,2025,23,12,68.8,15,23,22
"Estrada, Thairo",642731,2025,29,165,71.8,26.1,29,27
"Jung, Jace",690291,2025,24,55,73.3,17.4,24,23
"Reynolds, Bryan",668804,2024,29,692,71.6,26.7,30,28
"Malloy, Justyn-Henry",669234,2025,25,127,70.5,20.4,25,24
"Newman, Kevin",621028,2023,29,253,66.9,30.8,31,29
"Rodríguez, Johnathan",671286,2024,24,40,76.2,16.9,25,24
"Horwitz, Spencer",687462,2023,25,44,69.9,24.1,27,25
"Hummel, Cooper",669450,2025,30,105,71.8,24.7,30,30
"Kim, Hyeseong",808975,2025,26,170,67.3,24.9,26,26
"De La Cruz, Bryan",650559,2023,26,626,72.2,24.4,28,26
"Trammell, Taylor",666211,2023,25,56,69.1,0,27,25
"Pillar, Kevin",607680,2025,36,43,69.1,29.1,36,34
"Andujar, Miguel",609280,2025,30,341,71.7,26.9,30,28
"Salazar, César",663967,2024,28,32,67.7,28,29,28
"Campbell, Kristian",692225,2025,23,263,73.3,22.8,23,23
"Kjerstad, Heston",677008,2025,26,167,69.4,23.1,26,24
"Wilson, Will",669717,2025,26,91,72.2,12.2,26,26
"Steer, Spencer",668715,2025,27,568,70.9,22.9,27,25
"Guillorme, Luis",641645,2025,30,21,67.1,14.7,30,28
"Arraez, Luis",650333,2024,27,672,63.1,43.3,28,26
"Yastrzemski, Mike",573262,2025,34,558,71.2,28.9,34,32
"Marte, Noelvi",682622,2025,23,360,73.3,24.4,23,21
"Isbel, Kyle",664728,2025,28,409,70.5,27.6,28,26
"Machado, Manny",592518,2023,30,601,76.7,23.5,32,30
"Ellis, Drew",656403,2023,27,29,71.8,10,27,27
"Jackson, Alex",656577,2024,28,155,74.4,15.4,29,28
"Gelof, Zack",680869,2024,24,547,71.6,19.8,25,23
"Schneider, Davis",676914,2024,25,454,69.8,22,26,24
"Grisham, Trent",663757,2025,28,581,71,30.2,28,26
"Ruiz, Keibert",660688,2025,26,267,66.1,39.4,26,24
"Kieboom, Carter",666198,2023,25,94,71.4,19.9,25,25
"DeLuca, Jonny",676356,2025,26,59,71,23.2,26,24
"Freeman, Tyler",671289,2024,25,383,71.7,30.5,26,24
"Canario, Alexander",672744,2023,23,17,78.8,16.7,25,23
"Stallings, Jacob",607732,2024,34,281,67.6,26.6,35,33
"Martinez, J.D.",502110,2024,36,495,73,20,36,35
"Contreras, William",661388,2024,26,679,74.7,26.1,27,25
"Schanuel, Nolan",694384,2024,22,607,65.2,31.8,23,21
"Lopez, Nicky",670032,2023,28,262,65.3,28.8,30,28
"Lewis, Royce",668904,2025,26,403,73.6,25,26,24
"Jansen, Danny",643376,2024,29,324,69,28.7,30,28
"Hernaiz, Darell",687231,2024,22,135,68.6,29,23,22
"Thaiss, Matt",642136,2023,28,307,73.3,18.6,30,28
"Carter, Evan",694497,2023,20,75,71.4,21,22,20
"Newman, Kevin",621028,2024,30,311,67.6,33,31,29
"Freeman, Freddie",518692,2024,34,638,69.8,27.1,35,33
"Merrifield, Whit",593160,2023,34,592,64.8,29.1,35,34
"Gamel, Ben",592325,2024,32,99,70.5,30.8,32,31
"García, Adolis",666969,2023,30,632,73.6,17.7,32,30
"Bryant, Kris",592178,2023,31,335,69.3,18.9,33,31
"Grisham, Trent",663757,2023,26,555,70.5,24.7,28,26
"Rengifo, Luis",650859,2025,28,541,69.5,26.7,28,26
"Tena, José",677588,2023,22,34,70.1,22,24,22
"Zavala, Seby",664874,2023,29,193,68.9,27,30,29
"Martini, Nick",605361,2025,35,111,69.7,29.1,35,33
"Peña, Jeremy",665161,2025,27,543,72.3,30.2,27,25
"Hurtubise, Jacob",674441,2024,26,68,65,23.3,27,26
"Neto, Zach",687263,2023,22,329,69.3,23.1,24,22
"Fitzgerald, Tyler",666149,2023,25,34,71.8,21.7,27,25
"Gurriel Jr., Lourdes",666971,2023,29,592,69.9,34.2,31,29
"Drury, Brandon",592273,2023,30,523,71.7,23.3,31,30
"Mead, Curtis",678554,2024,23,132,74,23,24,22
"Allen, Greg",656185,2025,32,14,70.5,20.8,32,30
"Higashioka, Kyle",543309,2023,33,260,72.5,24.3,35,33
"Misner, Kameron",670224,2024,26,15,70.2,3.1,27,26
"Maldonado, Martín",455117,2024,37,147,70.9,20.9,38,36
"Black, Tyler",672012,2025,24,13,69.4,5.6,24,23
"Martini, Nick",605361,2024,34,163,69.8,25.2,35,33
"Jensen, Carter",695600,2025,21,69,74.8,27.1,21,21
"Ohtani, Shohei",660271,2024,29,731,76.3,27.5,30,28
"Lowe, Brandon",664040,2023,28,436,73.2,24.3,30,28
"Thompson, Trayce",572204,2023,32,179,72.7,16.8,32,32
"García, Avisaíl",541645,2024,33,51,69,17.8,33,32
"Hicks, Aaron",543305,2023,33,312,66.9,25.9,34,33
"Martin, Austin",668885,2024,25,257,66.9,36.4,26,25
"McMahon, Ryan",641857,2025,30,586,74,21,30,28
"Crawford, J.P.",641487,2023,28,638,71.9,26.1,30,28
"Narváez, Omar",553882,2025,33,10,66.7,23.5,33,31
"Hedges, Austin",595978,2025,32,180,71.5,21.9,32,30
"Simon, Ronny",682927,2025,25,88,71.8,25.8,25,25
"Gonzalez, Oscar",660757,2025,27,61,73.3,18.8,27,25
"Peña, Jeremy",665161,2024,26,650,72.6,25.5,27,25
"Delay, Jason",641511,2023,28,187,67.1,24.2,29,28
"Donovan, Brendan",680977,2025,28,515,69.3,36.8,28,26
"Calhoun, Willie",641432,2024,29,254,69.9,35.4,29,29
"Duffy, Matt",622110,2024,33,10,67.8,33.3,33,32
"Mullins II, Cedric",656775,2023,28,455,71.1,25.6,30,28
"Biggio, Cavan",624415,2024,29,224,66.9,19.6,30,28
"Wade Jr., LaMonte",664774,2024,30,401,72.4,27,31,29
"Williams, Luke",663897,2025,28,34,66.3,26.1,28,26
"Meyers, Jake",676694,2023,27,341,69.2,24.5,29,27
"Winker, Jesse",608385,2023,29,197,69.9,40,31,29
"O'Neill, Tyler",641933,2025,30,209,74,21.8,30,28
"Gorman, Nolan",669357,2023,23,464,74,17.8,25,23
"Mullins II, Cedric",656775,2025,30,498,71.1,22.9,30,28
"Arcia, Orlando",606115,2025,30,214,70.6,22.7,30,28
"Clement, Ernie",676391,2024,28,452,66.8,36.9,29,27
"Singleton, Jon",572138,2023,31,105,71.6,27.4,32,31
"Walton, Donovan",622268,2024,30,25,67.8,16.2,30,30
"Pham, Tommy",502054,2024,36,478,72.6,29.3,37,35
"Fitzgerald, Tyler",666149,2024,26,341,70.5,22,27,25
"Herrera, Iván",671056,2023,23,44,74.1,22.4,25,23
"Baty, Brett",683146,2025,25,432,74.8,22.7,25,23
"McGuire, Reese",624512,2024,29,158,68.8,21.7,30,28
"Yorke, Nick",694377,2024,22,42,71.8,19.4,23,22
"Ramírez, Harold",623912,2023,28,434,72.3,24,29,28
"Ozuna, Marcell",542303,2023,32,592,75,27.1,34,32
"Slater, Austin",596103,2023,30,207,73.3,26.1,32,30
"Perdomo, Geraldo",672695,2024,24,388,66.9,33.6,25,23
"Harris, Brett",695391,2024,26,123,70.3,28.9,27,26
"Manzardo, Kyle",700932,2024,23,156,71.8,25.7,24,23
"Cave, Jake",595909,2024,31,346,69.5,22.3,31,30
"Frelick, Sal",686217,2023,23,223,67.1,26.2,25,23
"Mauricio, Ronny",677595,2025,24,184,73.8,20.2,24,22
"Hensley, David",682073,2023,27,94,70.2,28.6,28,27
"García, Adolis",666969,2025,32,547,72.1,25.8,32,30
"Pagés, Pedro",686780,2025,26,389,72.6,19.3,26,25
"Keirsey Jr., DaShawn",680577,2024,27,14,69.1,21.7,28,27
"Meadows, Parker",678009,2025,25,213,69.9,23.1,25,23
"Ramírez, Harold",623912,2024,29,246,71.7,25.5,29,28
"Stott, Bryson",681082,2023,25,640,67.9,33.9,27,25
"Wallner, Matt",670242,2023,25,254,77.4,16.8,27,25
"Sosa, Lenyn",672820,2025,25,544,72.6,26.9,25,23
"Marte, Starling",516782,2024,35,370,72.4,24.3,36,34
"Hedges, Austin",595978,2024,31,146,69.8,22.2,32,30
"Marte, Starling",516782,2025,36,329,72.6,23.4,36,34
"Johnson, Bryce",669369,2025,29,84,68.8,25.2,29,28
"Motter, Taylor",600301,2023,33,82,72.8,17.8,33,33
"Langford, Wyatt",694671,2025,23,573,73.1,25.8,23,22
"Mejía, Francisco",642336,2023,27,160,67.8,25,27,27
"Hays, Austin",669720,2024,28,255,72.6,24.2,29,27
"Marte, Ketel",606466,2025,31,556,74.6,28,31,29
"Gallo, Joey",608336,2023,29,332,73.9,11.8,30,29
"Madrigal, Nick",663611,2024,27,94,65.4,30.2,27,26
"Blanco, Dairon",680118,2024,31,132,74.1,22.1,31,30
"Lowe, Josh",666139,2023,25,501,73.9,21.4,27,25
"Morel, Christopher",666624,2023,24,429,75.7,20,26,24
"Rivero, Sebastián",665861,2025,26,34,70.1,22.5,26,26
"Happ, Ian",664023,2025,30,663,71.7,24.9,30,28
"Contreras, William",661388,2023,25,611,73.8,27.4,27,25
"Mateo, Jorge",622761,2024,29,208,72.5,22.3,30,28
"Adell, Jo",666176,2024,25,451,76.7,18.2,26,24
"Cabrera, Oswaldo",665828,2023,24,330,70.2,22.2,26,24
"Sanó, Miguel",593934,2024,31,95,76.5,19,31,31
"Stevenson, Andrew",664057,2023,29,40,69.5,23.1,29,29
"Canha, Mark",592192,2025,36,125,68.7,27,36,34
"Realmuto, J.T.",592663,2023,32,540,73.5,21.2,34,32
"Haniger, Mitch",571745,2023,32,229,71.9,24.5,33,32
"Tatis Jr., Fernando",665487,2023,24,635,73,25,26,24
"Lewis, Royce",668904,2024,25,325,73.3,19.7,26,24
"Wood, James",695578,2024,21,336,73.9,24.2,22,21
"Kavadas, Niko",694359,2025,26,23,69.7,17.6,26,25
"Suzuki, Seiya",673548,2023,28,583,72.4,28.8,30,28
"Dingler, Dillon",693307,2024,25,87,71.6,22.8,26,25
"Luciano, Marco",682617,2024,22,81,73.7,21.2,22,21
"Schuemann, Max",680474,2025,28,213,68.6,27.4,28,27
"Mancini III, Trey",641820,2023,31,263,72.6,17.2,31,31
"Haniger, Mitch",571745,2024,33,423,72.9,24.2,33,32
"Maile, Luke",571912,2024,33,154,67.7,20.3,34,32
"Marchán, Rafael",665561,2025,26,118,65.9,34.3,26,25
"Raleigh, Cal",663728,2024,27,628,74.5,20.2,28,26
"Caballero, José",676609,2025,28,370,69.1,21.6,28,26
"Reyes, Pablo",622569,2024,30,64,69.2,29.2,31,29
"Casas, Triston",671213,2024,24,243,74.6,20.2,25,23
"Robles, Victor",645302,2025,28,114,67,23.7,28,27
"Moniak, Mickey",666160,2024,26,418,73.1,20.2,27,25
"Castro, Harold",605612,2023,29,270,66.6,22,29,29
"O'Hearn, Ryan",656811,2025,31,544,71.8,25.7,31,29
"Solano, Donovan",456781,2023,35,450,68.1,24.8,37,35
"Canzone, Dominic",686527,2023,25,182,70.9,31.8,27,25
"Suárez, Eugenio",553993,2023,31,694,72.3,20.8,33,31
"Trejo, Alan",676701,2024,28,67,66,33,29,27
"Duvall, Adam",594807,2023,34,353,72.2,23,35,34
"Abrams, CJ",682928,2024,23,602,72.2,24.7,24,22
"Rortvedt, Ben",666163,2024,26,328,69.7,23.5,27,25
"Machín, Vimael",605353,2025,31,12,68.5,25,31,31
"Merrill, Jackson",701538,2025,22,483,72,22.2,22,21
"Báez, Javier",595879,2025,32,437,73.5,21.7,32,30
"Chaparro, Andrés",665953,2025,26,73,73.3,17.2,26,25
"Rivas, Leo",660844,2025,27,111,66.6,29.5,27,26
"Abreu, Wilyer",677800,2024,25,447,74.6,22.6,26,24
"Díaz, Yandy",650490,2024,32,621,73.3,31.9,33,31
"Hays, Austin",669720,2025,29,416,71.9,22.2,29,27
"Urshela, Gio",570482,2025,33,197,68.6,25.2,33,32
"Altuve, Jose",514888,2023,33,410,70.5,26.8,35,33
"Millas, Drew",686452,2023,25,33,69.3,16.7,27,25
"Sheets, Gavin",657757,2023,27,344,72.8,22.6,29,27
"MacIver, Willie",680862,2025,28,111,70.5,22.7,28,28
"Rojas, Josh",668942,2023,29,350,67.9,30.4,31,29
"Polanco, Jorge",593871,2024,30,468,69.7,23.4,31,29
"Wilson Jr., Jacob",805779,2025,23,523,63.9,37.5,23,22
"McGuire, Reese",624512,2023,28,206,67.5,21.2,30,28
"Reyes, Pablo",622569,2025,31,34,69.3,19.2,31,29
"Carpenter, Matt",572761,2023,37,237,69.1,14.3,38,37
"Melendez Jr., MJ",669004,2024,25,451,72.8,21.2,26,24
"Calhoun, Kole",594777,2023,35,174,69.4,25.6,35,35
"Barrosa, Jorge",678489,2025,24,77,68.2,23.9,24,23
"Madris, Bligh",676632,2023,27,30,72.5,25,28,27
"Doyle, Brenton",686668,2025,27,538,70.8,26.5,27,25
"Clemens, Kody",665019,2024,28,120,70.5,25.5,29,28
"Call, Alex",669743,2025,30,322,66.1,37.8,30,28
"Díaz, Isan",656371,2023,27,26,74.5,27.3,27,27
"Pache, Cristian",665506,2023,24,95,70,16.2,25,24
"Alonso, Pete",624413,2023,28,658,75.7,19,30,28
"Peralta, David",444482,2024,36,260,71.4,24.4,36,35
"Hoskins, Rhys",656555,2024,31,517,71.2,22.9,32,31
"Moniak, Mickey",666160,2023,25,323,72.9,17.6,27,25
"Grandal, Yasmani",518735,2023,34,405,70.7,25.9,35,34
"Lux, Gavin",666158,2025,27,503,69.6,28,27,26
"Urías, Ramón",602104,2025,31,391,70.8,25.9,31,29
"Olson, Matt",621566,2024,30,685,73.8,19.5,31,29
"Lipcius, Andre",686531,2023,25,38,65.7,27.5,25,25
"Verdugo, Alex",657077,2025,29,213,67.4,35,29,27
"Rodríguez, Julio",677594,2024,23,613,76.3,20.8,24,22
"Cave, Jake",595909,2023,30,203,68.9,23.5,31,30
"Benson, Will",666181,2025,27,253,71.8,25.7,27,25
"Feduccia, Hunter",676439,2024,27,14,69.7,13.6,28,27
"Arozarena, Randy",668227,2024,29,648,72.7,24.1,30,28
"Ramírez, José",608070,2024,31,682,71.6,28.5,32,30
"Wallner, Matt",670242,2024,26,261,77.3,15.4,27,25
"Marte, Starling",516782,2023,34,341,70.6,4.2,36,34
"Ibáñez, Andy",628451,2024,31,244,70.1,24.3,32,30
"Swanson, Dansby",621020,2023,29,638,71.5,23,31,29
"Reynolds, Bryan",668804,2025,30,654,72.2,24.1,30,28
"Amador, Adael",691182,2025,22,128,70.6,24.2,22,21
"Sánchez, Jesús",660821,2025,27,497,75.9,23,27,25
"Yoshida, Masataka",807799,2024,30,421,70.9,30.1,31,29
"Jankowski, Travis",608671,2025,34,50,68,23.9,34,32
"Rivas, Leo",660844,2024,26,86,66.4,29.3,27,26
"Bellinger, Cody",641355,2024,28,569,69,30.6,29,27
"Phillips, Brett",621433,2023,29,71,68.1,12.2,29,29
"Busch, Michael",683737,2023,25,81,70.3,23.6,27,25
"Ibáñez, Andy",628451,2023,30,383,69.6,26.2,32,30
"Rutschman, Adley",668939,2023,25,687,70.3,30.6,27,25
"Meadows, Parker",678009,2023,23,145,70.1,25.2,25,23
"Nido, Tomás",621512,2025,31,37,69,24.2,31,30
"Walker, Christian",572233,2023,32,661,75,19.4,34,32
"Alonso, Pete",624413,2024,29,695,75.2,22.8,30,28
"Yoshida, Masataka",807799,2025,31,205,71.9,40.7,31,29
"Fletcher, David",664058,2023,29,97,64.8,29.4,29,29
"Iglesias, Jose",578428,2024,34,291,69.8,28.5,35,34
"Jordan, Levi",682119,2024,28,11,68.1,44.4,28,28
"Barnes, Austin",605131,2023,33,200,68.6,31.7,35,33
"Anderson, Brian",605119,2023,30,361,72.4,22.4,30,30
"Colás, Oscar",693049,2023,24,263,75.5,20.9,25,24
"Rutherford, Blake",666164,2023,26,36,70.1,16.4,26,26
"Laureano, Ramón",657656,2025,30,488,72.2,23.7,30,28
"Ohtani, Shohei",660271,2025,30,727,75.8,24.8,30,28
"Lopez, Nicky",670032,2025,30,28,67.7,27.5,30,28
"Pages, Andy",681624,2025,24,624,72.6,23.8,24,23
"Bleday, JJ",668709,2024,26,642,71.7,26.5,27,25
"Kiner-Falefa, Isiah",643396,2023,28,361,67.5,26.6,30,28
"Mateo, Jorge",622761,2023,28,350,73.4,26.4,30,28
"Heim, Jonah",641680,2024,29,491,70.3,27.8,30,28
"Thaiss, Matt",642136,2024,29,186,72.4,18.7,30,28
"Turang, Brice",668930,2024,24,619,66.2,29.1,25,23
"McKinstry, Zach",656716,2025,30,511,67.5,24.1,30,28
"Fitzgerald, Tyler",666149,2025,27,243,69.2,19.3,27,25
"Lowe, Nathaniel",663993,2025,29,609,72.7,21.3,29,27
"Basallo, Samuel",694212,2025,20,118,75.5,18.2,20,20
"Hilliard, Sam",656541,2024,30,158,75.3,19.1,31,29
"Pauley, Graham",688363,2025,24,184,69.6,25.3,24,23
"Stubbs, Garrett",596117,2023,30,125,67.5,28.4,31,30
"Moreno, Gabriel",672515,2025,25,309,70.9,31.1,25,23
"Short, Zack",670097,2024,29,88,70,21.8,30,28
"Berti, Jon",542932,2024,34,74,71.8,26.1,35,33
"Mayer, Marcelo",691785,2025,22,136,74.1,21.1,22,22
"Jackson, Alex",656577,2025,29,100,76.1,15,29,28
"Hilliard, Sam",656541,2023,29,78,72.9,25,31,29
"Chourio, Jackson",694192,2024,20,573,73.2,25.9,21,20
"Witt Jr., Bobby",677951,2025,25,687,74.3,27.1,25,23
"Brown, Seth",664913,2025,32,76,72.8,16.3,32,30
"Witt Jr., Bobby",677951,2023,23,694,75.1,27,25,23
"Jung, Jace",690291,2024,23,94,70.5,17.8,24,23
"Naylor, Josh",647304,2024,27,633,72.9,27.3,28,26
"Massey, Michael",686681,2024,26,356,70.9,30.3,27,25
"Rios, Edwin",621458,2024,30,10,72.6,5.9,30,30
"Vargas, Miguel",678246,2024,24,237,69.8,23,25,24
"Lindor, Francisco",596019,2024,30,689,72.4,28.7,31,29
"Burger, Jake",669394,2025,29,376,74.6,22.8,29,27
"Crawford, Brandon",543063,2024,37,80,70.6,17.4,37,36
"McLain, Matt",680574,2023,23,403,70.3,27.1,25,23
"Jiménez, Eloy",650391,2023,26,489,75.2,27.3,27,26
"Harris, Dustin",687957,2025,25,43,67.2,19.8,25,25
"Salazar, César",663967,2025,29,16,67.3,28.6,29,28
"Ruiz, Esteury",665923,2025,26,23,70.4,15,26,24
"Joe, Connor",656582,2024,31,416,72.1,21.4,32,30
"Burleson, Alec",676475,2024,25,595,71.2,31,26,24
"Alvarez, Francisco",682626,2023,21,423,74.5,25.2,23,21
"Hamilton, David",666152,2024,26,317,68.9,27.7,27,25
"Raleigh, Cal",663728,2025,28,705,75.2,19.8,28,26
"Wiemer Jr., Joey",686894,2024,25,28,72.1,12.5,26,24
"Carlson, Dylan",666185,2024,25,265,68.5,20.4,26,24
"Suwinski, Jack",669261,2025,26,178,73.9,15.1,26,24
"McCutchen, Andrew",457705,2024,37,515,72.7,23.2,38,36
"Camargo, Johan",622666,2023,29,20,69.2,25.7,29,29
"Teel, Kyle",691019,2025,23,297,69.5,23.2,23,23
"Grossman, Robbie",543257,2023,33,420,67.2,25.9,34,33
"Maton, Nick",665155,2023,26,293,69.4,20,28,26
"Perdomo, Geraldo",672695,2025,25,720,68.3,32.3,25,23
"Hoerner, Nico",663538,2025,28,649,68.4,36.4,28,26
"Longoria, Evan",446334,2023,37,237,72,30.6,37,37
"Bauers, Jake",641343,2024,28,346,73.8,17.6,29,27
"Cabbage, Trey",663550,2024,27,91,75.9,20.9,27,26
"Stevenson, Cal",670276,2024,27,27,68.9,40.6,27,27
"Millas, Drew",686452,2024,26,62,68.5,28.7,27,25
"Rushing, Dalton",687221,2025,24,155,73.1,21.6,24,24
"d'Arnaud, Travis",518595,2025,36,231,70.1,19.6,36,34
"Ramos, Henry",592656,2023,31,86,70.5,8.3,31,31
"McCann, Kyle",668832,2024,26,157,73.6,20,26,26
"Meneses, Joey",608841,2024,32,313,70.4,27.4,32,31
"Duran, Ezequiel",677649,2024,25,285,72.6,22.7,26,24
"Albies, Ozzie",645277,2024,27,435,69.1,26.8,28,26
"Andujar, Miguel",609280,2024,29,319,71.6,26.6,30,28
"Bell, Josh",605137,2023,30,617,72.3,24,32,30
"O'Neill, Tyler",641933,2023,28,266,72.5,25.5,30,28
"García, Avisaíl",541645,2023,32,118,71.9,18.8,33,32
"Melendez Jr., MJ",669004,2025,26,65,72.8,21.6,26,24
"Langeliers, Shea",669127,2023,25,490,74.6,24.9,27,25
"Larnach, Trevor",663616,2024,27,400,72.8,28.6,28,26
"Wendle, Joey",621563,2024,34,37,68,40.4,34,33
"Arcia, Orlando",606115,2024,29,602,70.9,25.8,30,28
"Gasper, Mickey",681508,2024,28,23,70.4,32,29,28
"Crim, Blaine",688760,2025,28,74,73.7,22.4,28,28
"Bride, Jonah",681146,2023,27,106,69.4,37.7,29,27
"Urías, Luis",649966,2023,26,177,68,24.8,28,26
"Fry, David",681807,2025,29,157,70.4,20.3,29,27
"d'Arnaud, Travis",518595,2024,35,341,71.4,21.1,36,34
"Azocar, José",640492,2025,29,21,70.2,31,29,27
"Diaz, Yainer",673237,2024,25,619,72.5,26.6,26,24
"Tromp, Chadwick",644433,2024,29,54,72.7,21.3,30,29
"Bell, Josh",605137,2025,32,533,73.1,27,32,30
"Soto, Livan",670869,2024,24,16,66.5,15.4,24,24
"Greene, Riley",682985,2025,24,655,75.6,17,24,22
"Peralta, David",444482,2023,35,422,72.1,22.9,36,35
"Baty, Brett",683146,2023,23,389,75.8,17.7,25,23
"India, Jonathan",663697,2024,27,637,71.7,25.3,28,26
"Alvarez, Yordan",670541,2024,27,635,76.5,27.8,28,26
"Paredes, Isaac",670623,2025,26,438,68.9,26.6,26,24
"Senzel, Nick",669222,2024,29,267,68.8,26.1,29,28
"Yelich, Christian",592885,2025,33,644,73.4,23.4,33,31
"Burger, Jake",669394,2024,28,579,74.7,23.9,29,27
"Kepler, Max",596146,2025,32,474,71.3,29.1,32,30
"Kelenic, Jarred",672284,2023,23,416,72.2,20.3,25,23
"Triolo, Jared",669707,2023,25,209,69.3,24.2,27,25
"Reetz, Jakson",656883,2024,28,15,69.4,26.1,28,28
"Paredes, Isaac",670623,2023,24,571,68.1,26.8,26,24
"Rizzo, Anthony",519203,2024,34,375,68.5,25.8,34,33
"India, Jonathan",663697,2023,26,529,71.3,25.6,28,26
"Ozuna, Marcell",542303,2024,33,688,74,23.3,34,32
"Amador, Adael",691182,2024,21,36,71.3,23,22,21
"Schunk, Aaron",668845,2024,26,98,68.8,18.4,27,26
"Urías, Ramón",602104,2023,29,396,70.8,23.5,31,29
"Outman, James",681546,2024,27,156,73.1,15.8,28,26
"Matos, Luis",682641,2024,22,156,71.7,25.5,23,21
"Sánchez, Jesús",660821,2023,25,402,74.4,20.2,27,25
"Bogaerts, Xander",593428,2024,31,463,70.7,30.8,32,30
"Frelick, Sal",686217,2025,25,594,68.2,29.7,25,23
"Wilson Jr., Jacob",805779,2024,22,103,63.5,39.7,23,22
"Rocchio, Brayan",677587,2024,23,442,69.5,23.4,24,22
"Thomas, Cody",642137,2023,28,46,74.2,14.3,28,28
"Hicks, Liam",689414,2025,26,390,67.4,35.6,26,26
"Lowe, Nathaniel",663993,2024,28,565,73.3,23,29,27
"Ramos, Heliot",671218,2023,23,60,75,16.7,25,23
"Sosa, Edmundo",624641,2024,28,274,73.1,18.6,29,27
"Muncy, Max",691777,2025,22,220,73.1,18.9,22,22
"Moncada, Yoán",660162,2024,29,45,70,28.2,30,28
"Winker, Jesse",608385,2025,31,81,71.1,28,31,29
"Velázquez, Nelson",676369,2024,25,230,73.4,21.6,25,24
"Rosario, Amed",642708,2024,28,346,71.2,23.9,29,27
"Knizner, Andrew",668800,2023,28,241,71.4,26.7,30,28
"Vargas, Miguel",678246,2025,25,569,70.6,29.6,25,24
"Slater, Austin",596103,2024,31,212,71.9,21.1,32,30
"Keaschall, Luke",807712,2025,22,207,66.9,34.9,22,22
"Herrera, Jose",645444,2023,26,120,66.2,33.3,28,26
"Kennedy, Buddy",671083,2025,26,32,69.9,22.9,26,24
"Crawford, J.P.",641487,2025,30,654,71.1,23.8,30,28
"Massey, Michael",686681,2023,25,461,70.8,26.1,27,25
"Kelenic, Jarred",672284,2024,24,449,72.7,23.5,25,23
"Smith, Pavin",656976,2023,27,228,72.7,17.6,29,27
"Albies, Ozzie",645277,2023,26,660,70,25.2,28,26
"Black, Tyler",672012,2024,23,57,68.6,17.4,24,23
"Springer III, George",543807,2023,33,683,72.7,20.9,35,33
"Rooker Jr., Brent",667670,2023,28,526,73.6,22.3,30,28
"Casas, Triston",671213,2023,23,502,75.8,20.7,25,23
"Gomes, Yan",543228,2024,36,96,68.7,18.2,36,35
"Trejo, Alan",676701,2023,27,227,67.8,26.1,29,27
"Waters, Drew",671221,2024,25,19,73,7.5,26,24
"Gilbert, Drew",687551,2025,24,109,72.2,23.5,24,24
"Lowe, Josh",666139,2025,27,435,72.4,19.5,27,25
"Vosler, Jason",613564,2024,30,30,71,24.5,30,30
"Holliday, Jackson",702616,2025,21,649,70.6,27.2,21,20
"Brennan, Will",686823,2024,26,353,69,29,27,25
"Tucker, Cole",657061,2023,26,10,65.1,41.7,27,26
"Abreu, José",547989,2024,37,120,73.1,21.4,37,36
"Donovan, Brendan",680977,2023,26,371,69.3,34.1,28,26
"Carpenter, Kerry",681481,2025,27,464,71.9,29.3,27,25
"Beck, Jordan",687597,2025,24,588,73.2,18.5,24,23
"Feduccia, Hunter",676439,2025,28,105,69.8,18.7,28,27
"Aranda, Jonathan",666018,2023,25,103,71.3,19.2,27,25
"Remillard, Zach",621545,2024,30,39,67.9,31.8,30,29
"Brown, Seth",664913,2023,30,378,73.8,23.2,32,30
"Kessinger, Grae",666197,2024,26,25,69.4,17.8,26,25
"McKinney, Billy",641856,2025,30,21,70.3,32.4,30,28
"Rooker Jr., Brent",667670,2025,30,699,73.6,24,30,28
"Dalbec, Bobby",666915,2023,28,53,70.9,12.9,30,28
"Davis, Henry",680779,2024,24,122,72.5,14.5,25,23
"Canha, Mark",592192,2023,34,507,67.8,29.4,36,34
"Margot, Manuel",622534,2023,28,336,71.6,23.3,30,28
"Julien, Edouard",666397,2024,25,301,71.9,20,26,24
"Robertson, Will",683770,2025,27,75,74.3,14.4,27,27
"Donaldson, Josh",518626,2023,37,189,73.3,32.7,37,37
"Loftin, Nick",679845,2025,26,188,69.4,29.7,26,24
"Seymour, Bob",676044,2025,26,83,74.3,17.9,26,26
"Sánchez, Ali",645305,2024,27,96,69.1,23,28,27
"Arcia, Orlando",606115,2023,28,533,71.1,26.1,30,28
"Cowser, Colton",681297,2025,25,360,73.5,22.4,25,23
"Wood, James",695578,2025,22,689,76,23.5,22,21
"Hampson, Garrett",641658,2025,30,91,67.1,22,30,28
"Benintendi, Andrew",643217,2025,30,470,68.7,29.6,30,28
"Kepler, Max",596146,2023,30,491,72.3,27.8,32,30
"Buxton, Byron",621439,2025,31,542,75,22.7,31,29
"Frazier, Adam",624428,2024,32,294,66.5,25.1,33,31
"Herrera, Iván",671056,2024,24,259,73.3,24.5,25,23
"Sogard, Nick",686765,2025,27,104,67.9,29.3,27,26
"Morel, Christopher",666624,2025,26,305,76,18.6,26,24
"McCann, James",543510,2023,33,226,70.4,21.8,35,33
"Meadows, Parker",678009,2024,24,298,70.5,23.5,25,23
"Soler, Jorge",624585,2024,32,574,75.4,21.7,33,31
"Peters, Tristan",671976,2025,25,12,68.3,19,25,25
"Estrada, Thairo",642731,2023,27,530,70.3,27.8,29,27
"Butler, Lawrence",671732,2023,22,129,74.1,21.5,24,22
"Nimmo, Brandon",607043,2024,31,663,73.3,24.2,32,30
"McKenna, Ryan",663630,2023,26,139,73.4,19.7,27,26
"Burger, Jake",669394,2023,27,540,76,22.7,29,27
"Greene, Riley",682985,2023,22,416,75.5,22.3,24,22
"Gorman, Nolan",669357,2024,24,402,73.2,17.2,25,23
"Alvarez Jr., Nacho",805373,2024,21,32,68.9,20.4,22,21
"Schmitt, Casey",669477,2024,25,113,71.6,28.1,26,24
"De La Cruz, Bryan",650559,2024,27,622,71.8,23.8,28,26
"Votto, Joey",458015,2023,39,242,68.7,29.2,39,39
"Bart, Joey",663698,2024,27,282,74.8,21.4,28,26
"Norby, Connor",681393,2025,25,337,69.3,21,25,24
"Johnston, Troy",687859,2025,28,121,70.6,26.3,28,28
"Moreno, Gabriel",672515,2024,24,351,70.6,29.2,25,23
"Marte, Ketel",606466,2024,30,583,73.7,30.5,31,29
"Schwarber, Kyle",656941,2025,32,724,77.3,22.8,32,30
"Contreras, Willson",575929,2023,31,495,76.2,20.8,33,31
"Brantley Jr., Michael",488726,2023,36,57,68.6,50.6,36,36
"Cordero, Franchy",614173,2023,28,71,78.1,20,28,28
"Ozuna, Marcell",542303,2025,34,592,72.9,23.7,34,32
"Outman, James",681546,2025,28,148,72.7,15.2,28,26
"Straw, Myles",664702,2023,28,518,66.1,31.9,30,28
"Abreu, Wilyer",677800,2025,26,417,74.1,21.9,26,24
"Stephenson, Tyler",663886,2023,26,517,70.4,33.2,28,26
"Guerrero Jr., Vladimir",665489,2023,24,682,75.5,23.9,26,24
"Hurtubise, Jacob",674441,2025,27,15,66.4,21.7,27,26
"Ahmed, Nick",605113,2025,35,10,68.8,25,35,33
"Baldwin, Brooks",681460,2025,24,328,70.7,25.4,24,23
"Bryant, Kris",592178,2024,32,155,69.5,18.3,33,31
"Sullivan, Brett",664954,2024,30,17,68.8,18.5,30,29
"Ford, Mike",645801,2023,30,251,71.1,18.3,31,30
"Báez, Javier",595879,2023,30,547,74.1,19.8,32,30
"Dubón, Mauricio",643289,2023,28,492,69.8,28.4,30,28
"Harrison, Josh",543281,2023,35,114,68.3,30,35,35
"Capra, Vinny",681962,2023,26,21,67.7,20.8,28,26
"Barnhart, Tucker",571466,2024,33,96,67.4,21.8,34,32
"Trout, Mike",545361,2024,32,126,75.7,19.7,33,31
"Kim, Ha-Seong",673490,2025,29,191,70.5,31.6,29,27
"Trejo, Alan",676701,2025,29,43,66.1,30.9,29,27
"Rafaela, Ceddanne",678882,2023,22,89,69.3,20.1,24,22
"Miller, Owen",680911,2023,26,314,69.2,23.3,28,26
"Butler, Lawrence",671732,2025,24,630,73.8,21,24,22
"Peraza, Oswald",672724,2024,24,11,74.6,23.1,25,23
"Mervis, Matt",670223,2025,27,134,73.6,16.4,27,26
"Chourio, Jackson",694192,2025,21,589,73.9,26.3,21,20
"Amaya, Miguel",665804,2023,24,156,73.6,18.7,26,24
"Crews, Dylan",686611,2025,23,322,73.3,22.7,23,22
"Colás, Oscar",693049,2024,25,38,75,17.9,25,24
"Marchán, Rafael",665561,2024,25,56,65.6,36.4,26,25
"Malloy, Justyn-Henry",669234,2024,24,230,69,18.2,25,24
"Baldwin, Brooks",681460,2024,23,121,71.2,21,24,23
"Alfaro, Jorge",595751,2025,32,39,75.9,14.8,32,30
"Buxton, Byron",621439,2023,29,347,76.2,17,31,29
"Raley, Luke",670042,2023,28,406,75.7,15.2,30,28
"McMahon, Ryan",641857,2024,29,645,72.5,22.4,30,28
"Mitchell, Garrett",669003,2023,24,73,74.3,15,26,24
"Lee, Jung Hoo",808982,2024,25,158,70.6,37.1,26,25
"Villar, David",681584,2024,27,37,68.4,26.4,28,26
"Alcantara, Kevin",682634,2024,21,10,74.2,41.7,22,21
"Wynns, Austin",642851,2024,33,20,69.5,34.3,34,32
"Smith, Pavin",656976,2024,28,158,73,32.5,29,27
"Altuve, Jose",514888,2024,34,682,69.4,26.1,35,33
"Ward, Taylor",621493,2024,30,663,69.8,29.6,31,29
"Chang, Yu",644374,2023,27,112,72.6,27.9,27,27
"Stewart, DJ",621466,2024,30,194,71.5,24.7,30,29
"Hernández, Enrique",571771,2023,31,508,72.3,27.5,33,31
"Giménez, Andrés",665926,2024,25,633,68.3,24.3,26,24
"Moore, Dylan",664238,2024,31,441,73,20.8,32,30
"Lee, Brooks",686797,2025,24,527,69.5,28.6,24,23
"Soler, Jorge",624585,2025,33,315,74,21.3,33,31
"Hiura, Keston",669374,2025,28,21,73.1,14.3,28,27
"Madrigal, Nick",663611,2023,26,294,66,46.9,27,26
"Choi, Ji Man",596847,2023,32,117,72.2,24.2,32,32
"Haggerty, Sam",664059,2024,30,16,70.1,30.4,31,29
"Grichuk, Randal",545341,2024,32,279,73.7,27.9,33,31
"Romo, Drew",691011,2024,22,53,68.5,16.3,22,22
"Valdez, Enmanuel",665839,2025,26,102,70.4,31.5,26,24
"Conforto, Michael",624424,2025,32,486,74,21,32,30
"Kwan, Steven",680757,2024,26,540,64.4,38.6,27,25
"Gurriel Jr., Lourdes",666971,2024,30,553,70.6,25.7,31,29
"Quero, Edgar",700337,2025,22,403,67.5,34.4,22,22
"Julks, Corey",667452,2023,27,323,71.4,20.9,29,27
"Haggerty, Sam",664059,2025,31,182,71.8,23.8,31,29
"Chapman, Matt",656305,2023,30,581,75.5,21.8,32,30
"Tatis Jr., Fernando",665487,2024,25,438,74.7,28.1,26,24
"Ortiz, Joey",687401,2024,25,511,73.4,23,26,25
"Murphy, Tom",608596,2024,33,38,72.4,19.6,33,32
"Bleday, JJ",668709,2023,25,303,72.5,24.1,27,25
"Pillar, Kevin",607680,2023,34,206,71,24,36,34
"Nevin, Tyler",663527,2023,26,111,67.2,32.5,27,26
"Jeffers, Ryan",680777,2023,26,335,73.9,20.4,28,26
"Ortega, Rafael",542364,2023,32,136,69.2,24.6,33,32
"Aranda, Jonathan",666018,2024,26,143,70.1,28.1,27,25
"Peraza, Oswald",672724,2025,25,265,73.6,20.2,25,23
"Siri, Jose",642350,2023,27,364,73.3,19.5,29,27
"Carpenter, Kerry",681481,2023,25,459,70.6,24.4,27,25
"Rengifo, Luis",650859,2024,27,304,69.7,26.9,28,26
"Cabrera, Oswaldo",665828,2025,26,122,69.3,29.6,26,24
"Kim, Ha-Seong",673490,2024,28,470,69,30.6,29,27
"Heyward, Jason",518792,2024,34,258,73.2,21.5,35,33
"Volpe, Anthony",683011,2025,24,596,72.6,25.4,24,22
"Gallo, Joey",608336,2024,30,260,72.4,20,30,29
"Thomas, Lane",657041,2024,28,528,71.7,26,29,27
"Mead, Curtis",678554,2023,22,92,71.2,18.9,24,22
"Taylor, Tyrone",621438,2024,30,345,70.5,27.1,31,29
"Mullins II, Cedric",656775,2024,29,499,71,23.8,30,28
"Seager, Corey",608369,2025,31,445,72.6,26.1,31,29
"Peterson, Jace",607054,2024,34,26,66.4,26.3,34,33
"Roden, Alan",702176,2025,25,153,70.1,27.2,25,25
"Duran, Ezequiel",677649,2025,26,219,71.5,21.7,26,24
"Young, Jacob",696285,2023,23,121,68,27.3,25,23
"Taveras, Leody",665750,2023,24,554,71.3,27.9,26,24
"Bregman, Alex",608324,2024,30,634,71.3,33.7,31,29
"Gorman, Nolan",669357,2025,25,402,72.7,18.6,25,23
"Walker, Jordan",691023,2025,23,396,78.1,18.1,23,21
"Betts, Mookie",605141,2023,30,693,71.3,38.2,32,30
"Rodgers, Brendan",663898,2023,26,192,72,25,28,26
"Brennan, Will",686823,2025,27,13,69.3,29.4,27,25
"Westburg, Jordan",676059,2024,25,447,71,27.2,26,24
"Mastrobuoni, Miles",670156,2023,27,149,68.1,37.6,29,27
"Conine, Griffin",665052,2025,27,86,74.4,23,27,26
"Soto, Juan",665742,2024,25,713,75.4,31.9,26,24
"Navarreto, Brian",640459,2025,30,15,73,40,30,30
"Kelly, Carson",608348,2025,30,421,70.4,27.8,30,28
"Goldschmidt, Paul",502671,2025,37,534,72.6,27.7,37,35
"Abreu, José",547989,2023,36,594,74,20.5,37,36
"Olson, Matt",621566,2023,29,720,74.8,23,31,29
"Gordon, Nick",624503,2024,28,275,68.2,22.8,28,28
"Rodríguez, Johnathan",671286,2025,25,77,77.3,23.6,25,24
"Williams, Carson",700246,2025,22,106,73.6,13,22,22
"Wong, Connor",657136,2024,28,487,72,21.3,29,27
"Allen, Greg",656185,2023,30,28,69.1,35.3,32,30
"Lukes, Nathan",664770,2025,30,438,68,29.9,30,28
"Fairchild, Stuart",656413,2025,29,55,69.9,23.8,29,27
"Jeffers, Ryan",680777,2024,27,465,72.9,21.6,28,26
"Cronenworth, Jake",630105,2024,30,656,69.5,26.6,31,29
"Scott II, Victor",687363,2024,23,155,69.1,26.1,24,23
"Dubón, Mauricio",643289,2025,30,398,68.2,28,30,28
"Sanoja, Javier",691594,2024,21,36,67.8,35.6,22,21
"English, Tristin",663536,2025,28,23,72.1,21.3,28,28
"Torkelson, Spencer",679529,2023,23,684,75,23,25,23
"Soto, Juan",665742,2025,26,715,73.6,32.5,26,24
"Vierling, Matt",663837,2025,28,100,71.7,27.9,28,26
"Altuve, Jose",514888,2025,35,654,69.7,25.7,35,33
"Karros, Kyle",691720,2025,22,156,69.1,21,22,22
"Gelof, Zack",680869,2023,23,300,71.5,23.8,25,23
"Baddoo, Akil",668731,2024,25,82,71.7,25,26,24
"Lindor, Francisco",596019,2025,31,732,71,26.9,31,29
"Nola, Austin",543592,2025,35,41,68.9,29.4,35,33
"Alfaro, Jorge",595751,2023,30,52,76.1,17.4,32,30
"Nimmo, Brandon",607043,2025,32,652,72.3,26.5,32,30
"Teodosio, Bryce",669326,2025,26,150,68.9,17.6,26,25
"Noda, Ryan",676116,2023,27,495,72.2,19.5,29,27
"Kelly, Carson",608348,2023,28,151,70.4,24.8,30,28
"Dingler, Dillon",693307,2025,26,469,71.7,26.1,26,25
"Bailey, Patrick",672275,2024,25,448,71.3,28.1,26,24
"Díaz, Elias",553869,2024,33,351,73.9,19.6,34,32
"Turner, Trea",607208,2024,31,539,71.6,25.6,32,30
"Arenado, Nolan",571448,2025,34,436,71.4,28.8,34,32
"Bae, Ji Hwan",678225,2025,25,25,67.9,17.5,25,23
"Rodríguez, Endy",682848,2025,25,57,71.5,34.9,25,23
"Saggese, Thomas",695336,2025,23,295,69.8,24.2,23,22
"Bregman, Alex",608324,2025,31,495,71,37.5,31,29
"Shenton, Austin",668853,2024,26,50,68.9,25,26,26
"Carter, Evan",694497,2024,21,162,71,24.4,22,20
"McCann, James",543510,2025,35,137,71.7,26.1,35,33
"Heyward, Jason",518792,2023,33,377,73.8,23.2,35,33
"Profar, Jurickson",595777,2023,30,521,71.1,28.7,32,30
"Vierling, Matt",663837,2023,26,530,71.3,23.4,28,26
"Langford, Wyatt",694671,2024,22,557,74.5,24.4,23,22
"Stewart, DJ",621466,2023,29,185,71,19.4,30,29
"Carlson, Dylan",666185,2023,24,255,69.9,28.8,26,24
"Kurtz, Nick",701762,2025,22,489,77.2,19.5,22,22
"White, Eli",642201,2025,31,271,72.2,21.4,31,30
"Garver, Mitch",641598,2025,34,290,71.8,27.1,34,32
"Jones, Jahmai",663330,2024,26,47,73,25,27,25
"Soderstrom, Tyler",691016,2023,21,138,73,20.4,23,21
"Albies, Ozzie",645277,2025,28,667,69,28.4,28,26
"Keith, Colt",690993,2025,23,468,70.7,28.1,23,22
"Polanco, Jorge",593871,2025,31,524,71.2,31,31,29
"Norby, Connor",681393,2024,24,194,70.1,17.1,25,24
"Kelly, Carson",608348,2024,29,313,69.5,29.3,30,28
"White, Eli",642201,2024,30,42,71,28.4,31,30
"O'Keefe, Brian",657247,2023,29,21,70.2,25.7,29,29
"Call, Alex",669743,2023,28,439,70.2,29,30,28
"Sanoja, Javier",691594,2025,22,342,68.3,37.2,22,21
"Barger, Addison",680718,2024,24,225,74.4,23.8,25,24
"Tawa, Tim",694374,2025,26,225,73.1,21.2,26,26
"Arroyo, Christian",624414,2023,28,206,71.9,19.3,28,28
"López, Jack",605346,2024,31,71,71.2,18.4,31,31
"Grichuk, Randal",545341,2025,33,293,73.9,27.8,33,31
"Amaya, Miguel",665804,2025,26,103,72.2,21.6,26,24
"Hernaiz, Darell",687231,2025,23,197,68.2,27.8,23,22
"Montero, Elehuris",660707,2024,25,247,75.1,20.2,25,24
"Smith, Josh",669701,2023,25,232,69.4,28.1,27,25
"Goodman, Hunter",696100,2025,25,579,74.4,21.7,25,23
"García, Luis",671277,2023,23,482,71.2,30.5,25,23
"Brown, Seth",664913,2024,31,400,73.3,22.5,32,30
"Short, Zack",670097,2023,28,253,70.5,22.5,30,28
"Edwards, Xavier",669364,2025,25,619,66.9,31.5,25,23
"Sullivan, Brett",664954,2023,29,86,69,38.8,30,29
"Meyers, Jake",676694,2025,29,381,68.3,28.2,29,27
"Smith, Cam",701358,2025,22,493,74.5,18.4,22,22
"Helman, Michael",680737,2025,29,110,70.1,18.4,29,28
"Seigler, Anthony",678011,2025,26,73,66.9,30.6,26,26
"Yelich, Christian",592885,2024,32,315,73.2,25.8,33,31
"Fermín, José",665877,2023,24,61,65.3,39.4,26,24
"Martínez, Angel",682657,2024,22,169,69,25.7,23,22
"Fermin, Freddy",666023,2023,28,235,68.8,31,30,28
"Teodosio, Bryce",669326,2024,25,12,68.6,9.1,26,25
"Torkelson, Spencer",679529,2024,24,381,73.6,20.5,25,23
"Lockridge, Brandon",663604,2025,28,148,71.1,21.5,28,27
"Hays, Austin",669720,2023,27,566,71.7,21.2,29,27
"Garver, Mitch",641598,2024,33,430,71.2,24.8,34,32
"Azocar, José",640492,2023,27,102,70.1,22.1,29,27
"Naylor, Bo",666310,2025,25,414,72.4,23,25,23
"Doyle, Brenton",686668,2023,25,431,71.2,19.8,27,25
"Walker, Christian",572233,2024,33,552,75,20.2,34,32
"Palacios, Richie",680700,2023,26,102,66.7,37.2,28,26
"Azocar, José",640492,2024,28,79,70.5,15.4,29,27
"Heyward, Jason",518792,2025,35,95,72.4,24.1,35,33
"Carter, Evan",694497,2025,22,220,70,28.3,22,20
"Casali, Curt",592200,2023,34,96,69.3,25,35,34
"Fortes, Nick",663743,2024,27,335,71.3,26.9,28,26
"Yepez, Juan",660766,2024,26,249,70.5,24.1,26,25
"Ward, Taylor",621493,2023,29,409,69.5,27.1,31,29
"Lipscomb III, Trey",702358,2024,24,211,69.8,25.5,24,24
"Chapman, Matt",656305,2024,31,647,76.6,21.5,32,30
"Anthony, Roman",701350,2025,21,303,75.1,26.7,21,21
"Winker, Jesse",608385,2024,30,508,69.5,26.7,31,29
"Dickerson, Corey",572816,2023,34,152,69.9,28.6,34,34
"Arozarena, Randy",668227,2025,30,709,72.3,25.3,30,28
"Baker, Luken",663609,2025,28,41,76,24.6,28,26
"Harris II, Michael",671739,2023,22,539,73.7,27.5,24,22
"Meckler, Wade",685133,2023,23,64,66,23.5,23,23
"Suzuki, Seiya",673548,2025,30,651,73.4,26.6,30,28
"Dahl, David",621311,2024,30,62,68.1,20.8,30,30
"Shewmake, Braden",669699,2024,26,67,69.6,26.3,26,26
"Gonzalez, Romy",663853,2025,28,341,74.3,27.5,28,27
"Palacios, Richie",680700,2025,28,48,68,29.3,28,26
"Encarnacion, Jerar",666464,2024,26,119,77,23,27,26
"Rizzo, Anthony",519203,2023,33,421,68.8,23.5,34,33
"Rortvedt, Ben",666163,2023,25,79,70.9,23.6,27,25
"Bote, David",623520,2024,31,48,73.9,19.8,31,31
"Ahmed, Nick",605113,2023,33,210,69.7,24.8,35,33
"Jones, Nolan",666134,2025,27,403,72.7,22,27,25
"Straw, Myles",664702,2025,30,299,67.1,33.1,30,28
"Díaz, Aledmys",649557,2023,32,344,70.8,27.2,33,32
"Ohtani, Shohei",660271,2023,28,599,77.4,19.9,30,28
"Pereda, Jhonny",640902,2024,28,40,70.1,21.2,29,28
"Benintendi, Andrew",643217,2023,28,621,67,31.5,30,28
"Wisdom, Patrick",621550,2023,31,302,76.6,24.2,32,31
"Conine, Griffin",665052,2024,26,89,73,17.9,27,26
"Benson, Will",666181,2024,26,388,72.1,16.2,27,25
"Meyers, Jake",676694,2024,28,513,68.6,23.8,29,27
"Myers, Dane",667472,2025,29,333,71,30.4,29,27
"Maton, Nick",665155,2025,28,63,71.4,22.3,28,26
"Henderson, Gunnar",683002,2023,22,622,75.4,25.8,24,22
"Volpe, Anthony",683011,2024,23,689,69.3,25.5,24,22
"Busch, Michael",683737,2024,26,567,70.3,25.2,27,25
"Westburg, Jordan",676059,2023,24,228,70.2,25.9,26,24
"Mendick, Danny",664901,2023,29,69,67.8,34,30,29
"Tauchman, Mike",643565,2025,34,385,69.1,24.9,34,32
"Rosario, Amed",642708,2025,29,191,73.2,27.6,29,27
"Berroa, Steward",672642,2024,25,45,69.5,19.6,25,25
"Hayes, Ke'Bryan",663647,2023,26,525,72.3,32.7,28,26
"Verdugo, Alex",657077,2023,27,602,67.5,35.8,29,27
"Wendle, Joey",621563,2023,33,318,68.3,33.9,34,33
"Giménez, Andrés",665926,2025,26,369,69.3,24.2,26,24
"Williams, Alika",675961,2024,25,96,69.6,22.5,25,24
"Chisholm Jr., Jazz",665862,2024,26,621,71.9,22.8,27,25
"Marte, Noelvi",682622,2024,22,242,73.1,18.5,23,21
"Wells, Austin",669224,2025,25,448,73.4,22.1,25,23
"Bae, Ji Hwan",678225,2023,23,371,67.1,24.6,25,23
"Harper, Bryce",547180,2024,31,631,74,21,32,30
"Gurriel Jr., Yuli",493329,2023,39,329,70.6,32.6,40,39
"Garver, Mitch",641598,2023,32,344,70.8,27.7,34,32
"Alvarez, Armando",669137,2024,29,39,68.4,29.6,29,29
"Cooper, Garrett",643265,2024,33,116,72.9,20.6,33,32
"Ortega, Rafael",542364,2024,33,17,70.5,27.3,33,32
"Ramos, Heliot",671218,2025,25,695,74,25,25,23
"Wilson, Weston",642215,2024,29,98,72.3,24.7,30,28
"Paris, Kyren",677347,2023,21,46,72.1,12.8,23,21
"Walls, Taylor",670764,2023,26,349,69.3,23.8,28,26
"Winn, Masyn",691026,2024,22,637,70.2,26.5,23,21
"Torrens, Luis",620443,2024,28,130,71.4,25.9,29,27
"Thomas, Colby",687515,2025,24,132,74.8,17.9,24,24
"Díaz, Elias",553869,2023,32,526,73.6,19.6,34,32
"Marlowe, Cade",687799,2023,26,100,68.7,17.6,26,26
"McNeil, Jeff",643446,2025,33,462,70.7,26.9,33,31
"Beck, Jordan",687597,2024,23,184,71.4,18.4,24,23
"Domínguez, Jasson",691176,2023,20,33,75.3,28.8,22,20
"Hernández, Teoscar",606192,2023,30,678,74,21.2,32,30
"Caissie, Owen",683357,2025,22,27,74.8,9.1,22,22
"Mangum, Jake",663968,2025,29,428,67.3,26.9,29,29
"Realmuto, J.T.",592663,2025,34,550,72,23.4,34,32
"Pasquantino, Vinnie",686469,2025,27,682,72.5,30.1,27,26
"Canzone, Dominic",686527,2025,27,269,73.1,26.7,27,25
"Pederson, Joc",592626,2025,33,306,73.4,25.1,33,31
"Olivares, Edward",658668,2023,27,385,71.1,25.2,28,27
"Laureano, Ramón",657656,2023,28,404,71.1,24.1,30,28
"McCormick, Chas",676801,2024,29,267,70.8,20.2,30,28
"Flores, Wilmer",527038,2024,32,242,66,29.7,33,31
"Palacios, Joshua",641943,2023,27,264,71.5,27.7,29,27
"Stallings, Jacob",607732,2025,35,129,67.1,23,35,33
"Hayes, Ke'Bryan",663647,2024,27,396,72.1,31.3,28,26
"Harris II, Michael",671739,2024,23,470,74.7,23.5,24,22
"Castro, Rodolfo",666801,2023,24,256,71.9,14,24,24
"Wisely, Brett",689172,2024,25,272,67.5,26,26,24
"Stubbs, Garrett",596117,2024,31,187,66.6,18,31,30
"Serven, Brian",661531,2024,29,71,70.3,22.5,29,29
"Ramos, Bryan",682868,2024,22,108,72,30.4,23,22
"Yastrzemski, Mike",573262,2023,32,381,70.6,19,34,32
"McCarthy, Jake",664983,2024,26,495,67.3,26.5,27,25
"Sánchez, Gary",596142,2024,31,280,73.1,25.4,32,30
"Pages, Andy",681624,2024,23,443,73.1,21.1,24,23
"Hoerner, Nico",663538,2024,27,641,68.2,31.7,28,26
"Lawlar, Jordan",691783,2023,20,34,68.6,11.3,22,20
"Stephenson, Tyler",663886,2024,27,515,70.8,30.5,28,26
"Lee, Korey",686676,2025,26,40,70.9,27,26,24
"Fraley, Jake",641584,2023,28,380,71.7,15.7,30,28
"Diaz, Jordan",672478,2023,22,293,73.2,18.6,22,22
"Blanco, Dairon",680118,2023,30,138,74.4,22.8,31,30
"Trout, Mike",545361,2025,33,556,74,19.7,33,31
"Stefanic, Michael",683021,2023,27,71,64.5,47.9,29,27
"Davis, J.D.",605204,2023,30,546,72.2,21.8,31,30
"O'Hearn, Ryan",656811,2023,29,368,72.2,27.6,31,29
"Newman, Kevin",621028,2025,31,116,68.1,30.7,31,29
"Harper, Bryce",547180,2023,30,546,75.5,23.8,32,30
"Alvarez, Yordan",670541,2025,28,199,76.1,27.5,28,26
"Dixon, Brandon",641525,2023,31,86,75.9,0,31,31
"Peguero, Liover",678894,2023,22,213,73.1,20.2,24,22
"Barnes, Austin",605131,2024,34,156,68.2,25.5,35,33
"Wagaman, Eric",676572,2024,26,74,71.1,24.5,27,26
"Frazier, Adam",624428,2025,33,459,65.9,26.9,33,31
"Rivera, Emmanuel",656896,2024,28,302,69.6,27.2,29,27
"Yelich, Christian",592885,2023,31,632,73.6,22.4,33,31
"Butler, Lawrence",671732,2024,23,451,74.2,23.9,24,22
"Vientos, Mark",668901,2023,23,233,73.7,24.1,25,23
"Adams, Jordyn",677941,2023,23,40,68.7,26.3,24,23
"Hayes, Ke'Bryan",663647,2025,28,570,71.2,30.2,28,26
"Hill, Derek",656537,2024,28,172,70.4,23.1,29,28
"Paris, Kyren",677347,2025,23,140,73.2,15.3,23,21
"Eaton, Nate",681987,2025,28,90,73.3,23.9,28,28
"Gonzales, Nick",693304,2024,25,387,71.1,25.4,26,24
"Luplow, Jordan",656669,2023,29,90,70,15,29,29
"Smith, Will",669257,2024,29,544,67.9,27.1,30,28
"O'Hoppe, Logan",681351,2025,25,451,72,23.4,25,23
"Kirk, Alejandro",672386,2024,25,386,70.1,31.4,26,24
"Castellanos, Nick",592206,2025,33,589,70.5,22.8,33,31
"Nevin, Tyler",663527,2024,27,278,68.4,28.4,27,26
"Campusano, Luis",669134,2025,26,27,73.1,18.4,26,24
"Lewis, Royce",668904,2023,24,239,75.3,26.2,26,24
"Torres, Gleyber",650402,2023,26,672,71.7,30.6,28,26
"Clemens, Kody",665019,2025,29,386,72.2,26.8,29,28
"Shaw, Matt",807713,2025,23,437,69.6,22.5,23,23
"Castro, Willi",650489,2023,26,409,72,17.9,28,26
"Schmitt, Casey",669477,2023,24,277,70.5,22.5,26,24
"Vargas, Ildemaro",545121,2024,32,303,69.6,35.6,33,31
"Whitcomb, Shay",694376,2025,26,32,72.5,12.9,26,25
"Pérez, Wenceel",672761,2024,24,425,70.2,25.5,25,24
"Miller, Owen",680911,2025,28,17,70.6,14.3,28,26
"Taylor, Tyrone",621438,2023,29,243,69.7,27.2,31,29
"Velázquez, Nelson",676369,2023,24,179,72.9,23.1,25,24
"Domínguez, Jasson",691176,2024,21,67,75.4,16.5,22,20
"Hoskins, Rhys",656555,2025,32,328,71,24.9,32,31
"Villar, David",681584,2023,26,140,69.5,8.3,28,26
"Schanuel, Nolan",694384,2023,21,132,64.9,33.3,23,21
"Higashioka, Kyle",543309,2024,34,263,71.8,24.4,35,33
"Margot, Manuel",622534,2025,30,20,71.1,15.2,30,28
"Pagés, Pedro",686780,2024,25,218,72,21,26,25
"Solano, Donovan",456781,2024,36,309,67.1,24.8,37,35
"Palacios, Richie",680700,2024,27,316,68.9,22.9,28,26
"Sabol, Blake",666165,2023,25,344,71.6,16,27,25
"Ornelas, Jonathan",680716,2024,24,40,70.2,28.1,25,24
"Locklear, Tyler",682988,2025,24,116,71.5,16.8,24,23
"Stallings, Jacob",607732,2023,33,276,67.2,33.3,35,33
"Tovar, Ezequiel",678662,2023,21,615,71.9,20,23,21
"Caratini, Victor",605170,2023,29,226,72.1,30.1,31,29
"Suwinski, Jack",669261,2024,25,277,73.3,19.8,26,24
"Bliss, Ryan",669208,2024,24,71,70.6,22.3,25,24
"Solano, Donovan",456781,2025,37,179,65.9,25.2,37,35
"Marte, Ketel",606466,2023,29,650,73.1,25.1,31,29
"Allen, Nick",669397,2023,24,329,66.2,33.1,26,24
"Davidson, Logan",669722,2025,27,47,72.1,11.4,27,27
"Julks, Corey",667452,2025,29,13,69.5,31.8,29,27
"Arenado, Nolan",571448,2023,32,612,71.4,27.2,34,32
"McCarthy, Jake",664983,2023,25,312,68.8,21.8,27,25
"Thomas, Alek",677950,2024,24,103,70.9,35.3,25,23
"Varsho, Daulton",662139,2024,27,513,73.7,17.6,28,26
"Martínez, J.P.",679881,2023,27,44,71,24.2,28,27
"Misner, Kameron",670224,2025,27,217,73.2,17,27,26
"Biggio, Cavan",624415,2023,28,338,67.8,30.1,30,28
"Tovar, Ezequiel",678662,2024,22,695,71.3,20.9,23,21
"Gonzales, Nick",693304,2025,26,408,70.5,27.4,26,24
"Vargas, Ildemaro",545121,2025,33,121,70.5,36,33,31
"Belt, Brandon",474832,2023,35,404,72.7,14.6,35,35
"Rosario, Eddie",592696,2023,31,516,70.4,24.2,32,31
"Judge, Aaron",592450,2023,31,458,76.4,26.4,33,31
"Harris II, Michael",671739,2025,24,641,74.3,24,24,22
"Volpe, Anthony",683011,2023,22,601,70.9,23.5,24,22
"Florial, Estevan",664314,2024,26,111,73,16.1,26,25
"Wynns, Austin",642851,2023,32,145,68.9,25,34,32
"Soto, Juan",665742,2023,24,708,74.6,32.2,26,24
"Kiner-Falefa, Isiah",643396,2024,29,496,67,35.1,30,28
"Farmer, Kyle",571657,2025,34,300,66.6,29.9,34,32
"Clase, Jonatan",682729,2025,23,112,71.8,20.7,23,22
"Cooper, Garrett",643265,2023,32,457,73.8,15.4,33,32
"Loftin, Nick",679845,2023,24,68,69.9,29.8,26,24
"Leblanc, Charles",641779,2024,28,28,70.5,15,28,28
"Stanton, Giancarlo",519317,2023,33,415,81,16.6,35,33
"McCutchen, Andrew",457705,2023,36,473,71.8,22.5,38,36
"Walker, Jordan",691023,2023,21,465,74.9,20.4,23,21
"Taylor, Michael A.",572191,2023,32,388,74.4,16.7,34,32
"Busch, Michael",683737,2025,27,592,69.6,29.1,27,25
"Wong, Connor",657136,2025,29,188,72.3,18.1,29,27
"Lee, Brooks",686797,2024,23,185,69.3,29.7,24,23
"Torrens, Luis",620443,2023,27,30,69.8,29.4,29,27
"Williams, Luke",663897,2024,27,52,70.3,26,28,26
"Tucker, Kyle",663656,2024,27,339,72.2,30.7,28,26
"Rocchio, Brayan",677587,2023,22,86,68.1,20.1,24,22
"Peraza, Oswald",672724,2023,23,191,71.9,21.8,25,23
"Young, Jacob",696285,2025,25,364,68.3,33.5,25,23
"Pérez, Carlos",542208,2023,32,189,70.3,24,32,32
"Blackmon, Charlie",453568,2023,36,413,66.9,29,37,36
"Ruiz, Keibert",660688,2023,24,562,66.4,31.9,26,24
"Rojas, Miguel",500743,2023,34,423,68.8,36.3,36,34
"Domínguez, Jasson",691176,2025,22,429,74.1,21.3,22,20
"Martini, Nick",605361,2023,33,79,70.7,30.8,35,33
"Taylor, Samad",669392,2023,24,69,69.7,14.5,24,24
"Goodman, Hunter",696100,2023,23,77,75.7,18,25,23
"Naylor, Josh",647304,2025,28,604,70.9,31.2,28,26
"Millas, Drew",686452,2025,27,55,66.7,25.9,27,25
"McCray, Grant",687529,2025,24,26,73.4,14,24,23
"Escarra, J.C.",641555,2025,30,98,72.8,29.9,30,30
"Nimmo, Brandon",607043,2023,30,682,72.7,30.3,32,30
"Cowser, Colton",681297,2023,23,77,70.8,17.2,25,23
"Marisnick, Jake",545350,2023,32,83,70.4,20,32,32
"Durbin, Caleb",702332,2025,25,506,67.9,33.3,25,25
"Crews, Dylan",686611,2024,22,132,72.3,30.5,23,22
"Mead, Curtis",678554,2025,24,264,73.3,23.3,24,22
"Hedges, Austin",595978,2023,30,212,68.2,20.6,32,30
"Horwitz, Spencer",687462,2025,27,411,68.5,26.4,27,25
"Bouchard, Sean",656248,2025,29,73,72.8,16.2,29,27
"Ramírez, José",608070,2023,30,691,70.5,34.8,32,30
"Benintendi, Andrew",643217,2024,29,522,68,31.9,30,28
"Schuemann, Max",680474,2024,27,459,68.3,28.4,28,27
"Tapia, Raimel",606132,2023,29,169,71.2,11.6,29,29
"Stowers, Kyle",669065,2025,27,457,75,20.8,27,26
"Fermín, José",665877,2024,25,79,65.5,35.8,26,24
"Wendzel, Davis",673995,2024,27,49,71.9,21.8,27,27
"Kim, Ha-Seong",673490,2023,27,626,67.7,30.7,29,27
"Kreidler, Ryan",668952,2024,26,65,68.5,19,27,26
"Adams, Jordyn",677941,2024,24,38,70.3,20,24,23
"Dunn, Oliver",686554,2025,27,41,72.9,25,27,26
"Kemp, Tony",643393,2024,32,10,62.6,37.5,32,31
"Crow-Armstrong, Pete",691718,2024,22,410,70.6,23.7,23,21
"Gonzales, Nick",693304,2023,24,128,68.7,18.7,26,24
"Grissom, Vaughn",687093,2024,23,114,69.1,25.7,23,22
"Espinal, Santiago",669289,2025,30,328,68.5,32.1,30,28
"Bart, Joey",663698,2023,26,95,73.6,30.8,28,26
"Peguero, Liover",678894,2024,23,10,69.4,14.3,24,22
"Kirk, Alejandro",672386,2023,24,422,70.1,33.1,26,24
"Cruz, Oneil",665833,2025,26,544,78.8,21.8,26,25
"Sánchez, Gary",596142,2025,32,101,73.1,26.9,32,30
"Vázquez, Luis",676679,2024,24,14,71.6,7.7,25,24
"Arias, Gabriel",672356,2024,24,161,74.5,15.6,25,23
"Solak, Nick",669256,2025,30,11,68.7,29.4,30,30
"Monasterio, Andruw",655316,2025,28,135,68.4,26.7,28,26
"Reynolds, Bryan",668804,2023,28,640,70.2,26.8,30,28
"Vázquez, Christian",543877,2024,33,315,68.3,31.1,34,32
"Moustakas, Mike",519058,2023,34,386,71.6,24.9,34,34
"Myers, Dane",667472,2023,27,70,71.8,28.2,29,27
"Bauers, Jake",641343,2023,27,272,75.1,16,29,27
"Kingery, Scott",664068,2025,31,29,69.7,15.4,31,31
"Rengifo, Luis",650859,2023,26,445,71,28.7,28,26
"Freeman, Freddie",518692,2023,33,730,70.5,25.2,35,33
"Stott, Bryson",681082,2025,27,560,69.4,28.6,27,25
"Noda, Ryan",676116,2024,28,111,72.3,17.1,29,27
"Happ, Ian",664023,2024,29,657,72.4,23.2,30,28
"Kiermaier, Kevin",595281,2023,33,408,69.8,22.4,34,33
"Fermin, Freddy",666023,2024,29,368,70.8,26.3,30,28
"France, Ty",664034,2025,30,490,71,27.5,30,28
"Bohm, Alec",664761,2025,28,504,71.7,32.5,28,26
"Bellinger, Cody",641355,2023,27,556,70,31.1,29,27
"Trevino, Jose",624431,2023,30,168,67.7,12.5,32,30
"Adams, Riley",656180,2025,29,286,78.3,16,29,27
"Clement, Ernie",676391,2023,27,52,65.8,46.8,29,27
"Perez, Salvador",521692,2025,35,641,72.9,24.5,35,33
"Mastrobuoni, Miles",670156,2024,28,106,66.8,36.4,29,27
"Lowe, Nathaniel",663993,2023,27,724,74.1,20.4,29,27
"Zavala, Seby",664874,2024,30,43,68.6,19.4,30,29
"Tellez, Rowdy",642133,2024,29,421,74.4,22.1,30,28
"Rogers, Jake",668670,2025,30,142,70.5,26.1,30,28
"Moore, Christian",695681,2025,22,184,72.7,17.5,22,22
"Carlson, Dylan",666185,2025,26,241,68.7,26.6,26,24
"Bart, Joey",663698,2025,28,332,74.3,21.9,28,26
"Raley, Luke",670042,2024,29,455,75,18.4,30,28
"Gonzalez, Romy",663853,2024,27,216,74.1,23.8,28,27
"McCarthy, Jake",664983,2025,27,222,69.8,27,27,25
"Yastrzemski, Mike",573262,2024,33,474,70.9,26.9,34,32
"León, Pedro",694175,2024,26,21,77.8,15.8,26,26
"Gorski, Matt",685301,2025,27,42,74.8,15,27,27
"Hassell III, Robert",690987,2025,23,206,68.7,23.4,23,23
"Gonzalez, Oscar",660757,2023,25,180,73.9,18.7,27,25
"Baker, Darren",671117,2024,25,14,66.7,38.9,25,25
"Martínez, Angel",682657,2025,23,484,70.2,24.2,23,22
"Anderson, Tim",641313,2024,31,241,69.7,20.6,32,30
"Rodgers, Brendan",663898,2024,27,539,71.7,24.1,28,26
"Melton, Jacob",689200,2025,24,78,72.7,17.2,24,24
"Siani, Michael",672279,2024,24,334,68.9,23.1,25,24
"Olivares, Edward",658668,2024,28,196,71.8,22,28,27
"Toglia, Michael",669911,2025,26,337,72.7,17.6,26,24
"Fermín, José",665877,2025,26,70,68,32.9,26,24
"Refsnyder, Rob",608701,2025,34,209,73.2,26.2,34,32
"Kirilloff, Alex",666135,2024,26,178,72.4,25,26,25
"Goodman, Hunter",696100,2024,24,224,74.9,15.8,25,23
"Turang, Brice",668930,2023,23,448,68.5,24.8,25,23
"Araúz, Jonathan",660620,2023,24,66,71.9,21.3,24,24
"Young, Cole",702284,2025,21,257,71.4,24.9,21,21
"Wells, Austin",669224,2024,24,414,72.4,23.3,25,23
"Grissom, Vaughn",687093,2023,22,80,69,31.3,23,22
"Devers, Rafael",646240,2024,27,601,72.5,23.3,28,26
"Kohlwey, Taylor",670128,2023,28,13,68.3,16.7,28,28
"Wong, Kolten",543939,2023,32,250,70.3,27.6,32,32
"Casas, Triston",671213,2025,25,112,75.1,18.9,25,23
"McKinney, Billy",641856,2023,28,147,71.3,18.1,30,28
"Rojas, Johan",679032,2025,24,172,70.3,21.2,24,22
"Stephenson, Tyler",663886,2025,28,342,70.1,22.9,28,26
"Jung, Josh",673962,2023,25,515,71.2,21.7,27,25
"Duvall, Adam",594807,2024,35,330,72.4,19.5,35,34
"Collins, Isaac",686555,2024,26,19,72.7,16.1,27,26
"Schwarber, Kyle",656941,2023,30,720,77.1,21.4,32,30
"Bohm, Alec",664761,2024,27,606,72.2,32.5,28,26
"Castro, Willi",650489,2025,28,454,71.6,20.1,28,26
"Harris, Brett",695391,2025,27,84,71.1,21.5,27,26
"Friedl Jr., TJ",670770,2024,28,341,70.5,29.1,29,27
"Locklear, Tyler",682988,2024,23,49,72.3,16.9,24,23
"Andujar, Miguel",609280,2023,28,90,71.8,30.6,30,28
"Rocchio, Brayan",677587,2025,24,383,70,27.4,24,22
"Gurriel Jr., Lourdes",666971,2025,31,546,70.6,28.9,31,29
"Perkins, Blake",663368,2025,28,171,70,27.6,28,26
"Diaz, Yainer",673237,2025,26,567,72.2,27.3,26,24
"Pinto, René",650907,2024,27,49,74.6,25.5,27,26
"Kaiser, Connor",663731,2025,28,19,70.5,23.1,28,28
"Wong, Connor",657136,2023,27,403,71.2,19.9,29,27
"Springer III, George",543807,2024,34,614,71.9,25.3,35,33
"Bruján, Vidal",660644,2024,26,278,66.9,24.6,27,25
"Fry, David",681807,2024,28,392,70.5,23,29,27
"Call, Alex",669743,2024,29,113,67.7,28.4,30,28
"Torres, Gleyber",650402,2024,27,665,70.1,26,28,26
"Velazquez, Andrew",623205,2023,28,94,69.9,14.5,28,28
"Farmer, Kyle",571657,2023,32,369,66.6,27.9,34,32
"Garrett, Stone",656448,2023,27,271,74.7,15.3,27,27
"Heim, Jonah",641680,2025,30,433,69,27,30,28
"Delay, Jason",641511,2024,29,19,68.8,47.1,29,28
"Lux, Gavin",666158,2024,26,487,71.2,25.6,27,26
"Merrifield, Whit",593160,2024,35,335,63.4,26.1,35,34
"Semien, Marcus",543760,2025,34,534,68.4,28.6,34,32
"Hinds, Rece",677956,2025,24,44,75.7,14.6,24,23
"Jones, Jahmai",663330,2023,25,11,72.4,7.7,27,25
"Valdez, Enmanuel",665839,2023,24,149,70.4,26.3,26,24
"Kiner-Falefa, Isiah",643396,2025,30,459,66.6,29.6,30,28
"Freeland, Alex",690976,2025,23,97,70.7,22.3,23,23
"Robert Jr., Luis",673357,2024,26,425,74.6,19,27,25
"Batten, Matthew",676946,2023,28,139,68.8,27.5,28,28
"Rodgers, Brendan",663898,2025,28,128,74.1,19.2,28,26
"Iglesias, Jose",578428,2025,35,343,68.9,26.3,35,34
"Acuña Jr., Ronald",660670,2024,26,222,76.8,22.3,27,25
"Dunn, Oliver",686554,2024,26,104,75.2,19.4,27,26
"Schneemann, Daniel",682177,2024,27,221,70.7,21,28,27
"Palacios, Joshua",641943,2024,28,78,72.6,27,29,27
"Lowe, Josh",666139,2024,26,387,73.3,19.2,27,25
"León, Sandy",506702,2025,36,12,67.1,36.8,36,36
"Stevens, Chad",677060,2025,26,14,69.7,12,26,26
"Fortes, Nick",663743,2023,26,323,70.3,28.9,28,26
"Haggerty, Sam",664059,2023,29,108,69.3,26.8,31,29
"Young, Jacob",696285,2024,24,521,68.2,29.4,25,23
"Nootbaar, Lars",663457,2025,27,583,73.4,29,27,25
"Encarnacion, Jerar",666464,2025,27,56,74.5,25,27,26
"Santander, Anthony",623993,2023,28,656,72.9,23,30,28
"Ortiz, Joey",687401,2025,26,506,72.4,23.3,26,25
"Urías, Luis",649966,2025,28,330,69.4,32,28,26
"Holliday, Jackson",702616,2024,20,208,71.2,24.2,21,20
"Singleton, Jon",572138,2024,32,405,72.1,25.2,32,31
"Crawford, Brandon",543063,2023,36,320,71.5,24,37,36
"Schneider, Davis",676914,2023,24,141,69.3,26,26,24
"Pillar, Kevin",607680,2024,35,314,69.4,22.2,36,34
"Rojas, Josh",668942,2025,31,211,67.8,30.3,31,29
"Smith, Will",669257,2023,28,554,68.6,26.1,30,28
"Nido, Tomás",621512,2024,30,140,70.8,26,31,30
"Dezenzo, Zach",701305,2024,24,65,75.4,18,25,24
"Rivera, Emmanuel",656896,2023,27,283,69.4,28.6,29,27
"Hicks, Aaron",543305,2024,34,63,68.1,19,34,33
"Westbrook, Jamie",642197,2024,29,48,69,22.4,29,29
"Lindor, Francisco",596019,2023,29,687,71,28.3,31,29
"Stott, Bryson",681082,2024,26,571,68.2,30.2,27,25
"Semien, Marcus",543760,2024,33,718,68.3,30.7,34,32
"Jung, Josh",673962,2025,27,511,70.3,25.7,27,25
"Avans, Drew",682183,2025,29,18,66.9,16.7,29,29
"Moore, Dylan",664238,2023,30,165,72.2,22.5,32,30
"Dezenzo, Zach",701305,2025,25,109,73.5,16.9,25,24
"Cabrera, Miguel",408234,2023,40,370,68.2,30.5,40,40
"Rutschman, Adley",668939,2025,27,365,70.1,35.1,27,25
"Thomas, Alek",677950,2025,25,469,71.2,25.3,25,23
"India, Jonathan",663697,2025,28,567,72,27.1,28,26
"Thompson, Bubba",669352,2024,26,18,69.9,11.8,26,26
"Varsho, Daulton",662139,2025,28,271,75.6,20.3,28,26
"Frelick, Sal",686217,2024,24,524,66.3,31.7,25,23
"Young, Jared",676724,2023,27,47,74.1,13.6,29,27
"Ballesteros, Moisés",694208,2025,21,66,72.7,25.8,21,21
"Triolo, Jared",669707,2025,27,376,71.6,26.3,27,25
"Franco, Wander",677551,2023,22,491,71.8,29.9,22,22
"Hoerner, Nico",663538,2023,26,688,68.8,35.4,28,26
"Vaughn, Andrew",683734,2024,26,619,70.8,28.3,27,25
"Thomas, Alek",677950,2023,23,402,69.9,31.2,25,23
"Kirilloff, Alex",666135,2023,25,319,70.3,24.5,26,25
"Bichette, Bo",666182,2023,25,601,70.1,24,27,25
"Isbel, Kyle",664728,2024,27,426,70.7,27.3,28,26
"Springer III, George",543807,2025,35,586,73.8,24.6,35,33
"Olson, Matt",621566,2025,31,724,73.9,21.9,31,29
"Kwan, Steven",680757,2025,27,693,63.7,39.3,27,25
"Pederson, Joc",592626,2024,32,449,73.4,22.3,33,31
"Martínez, J.P.",679881,2024,28,10,70,14.3,28,27
"Osuna, Alejandro",696030,2025,22,176,71.2,22.7,22,22
"Alexander Jr., CJ",680769,2025,28,17,74.9,6.3,28,28
"Heim, Jonah",641680,2023,28,501,68.4,26.4,30,28
"Locastro, Tim",641796,2023,30,67,68.3,20.5,30,30
"Soderstrom, Tyler",691016,2025,23,624,74,25.2,23,21
"Correa, Carlos",621043,2024,29,367,74.5,26.2,30,28
"Rooker Jr., Brent",667670,2024,29,614,73.7,22.4,30,28
"Sabol, Blake",666165,2024,26,38,71.2,27.6,27,25
"Jackson, Jeremiah",669236,2025,25,183,71.9,22.3,25,25
"Herrera, Iván",671056,2025,25,452,74.4,25.2,25,23
"Encarnacion-Strand, Christian",687952,2025,25,137,73.6,24.2,25,23
"Huff, Sam",669087,2023,25,45,73.9,24.5,27,25
"Rice, Ben",700250,2025,26,530,73.4,31.2,26,25
"Vaughn, Andrew",683734,2023,25,615,70.2,27.5,27,25
"Swanson, Dansby",621020,2024,30,593,71.7,24.4,31,29
"Pasquantino, Vinnie",686469,2024,26,554,71.7,32.1,27,26
"Bichette, Bo",666182,2025,27,628,69.1,28.6,27,25
"Davis, J.D.",605204,2024,31,157,72.5,22.3,31,30
"Farmer, Kyle",571657,2024,33,242,66.7,30.4,34,32
"Wagner, Will",695238,2025,26,149,69,21.7,26,25
"Hopkins, TJ",686759,2023,26,44,70.7,18.5,26,26
"Nootbaar, Lars",663457,2023,25,503,72.2,32,27,25
"Arenado, Nolan",571448,2024,33,635,70.7,27.6,34,32
"Stanton, Giancarlo",519317,2024,34,459,81.2,20.2,35,33
"Profar, Jurickson",595777,2024,31,668,71.7,27.1,32,30
"Jankowski, Travis",608671,2023,32,287,66.4,37.3,34,32
"Sabol, Blake",666165,2025,27,18,72,15,27,25
"Fraley, Jake",641584,2024,29,382,71.8,20.6,30,28
"Conforto, Michael",624424,2024,31,488,74.1,25.3,32,30
"Moniak, Mickey",666160,2025,27,461,73.8,24.6,27,25
"Campero, Gustavo",672569,2024,26,48,66.8,22.6,27,26
"Wisely, Brett",689172,2023,24,131,69.3,12.3,26,24
"Loperfido, Joey",694388,2025,26,104,72.1,22.7,26,25
"Arraez, Luis",650333,2025,28,675,62.6,42.6,28,26
"Langeliers, Shea",669127,2025,27,523,73.8,24.5,27,25
"Jimenez, Leo",677870,2025,24,32,70.6,28.8,24,23
"Wilson, Weston",642215,2023,28,22,74.1,12.1,30,28
"Mateo, Jorge",622761,2025,30,83,72,17,30,28
"DeLuca, Jonny",676356,2024,25,362,70.8,20.3,26,24
"Walsh, Jared",665120,2024,30,60,75,15.3,30,29
"Kelenic, Jarred",672284,2025,25,65,73.4,16.2,25,23
"Robles, Victor",645302,2024,27,295,68.3,26.8,28,27
"Turner, Justin",457759,2025,40,191,66.2,28.1,40,38
"Realmuto, J.T.",592663,2024,33,413,73.2,22.5,34,32
"Rortvedt, Ben",666163,2025,27,128,68.8,16.1,27,25
"Sánchez, Ali",645305,2025,28,23,70,24.4,28,27
"Gasper, Mickey",681508,2025,29,110,70.6,30.5,29,28
"Pinto, René",650907,2023,26,105,72.9,21.2,27,26
"Loftin, Nick",679845,2024,25,171,69.5,29.7,26,24
"Vierling, Matt",663837,2024,27,567,71.1,29.3,28,26
"Freeman, Tyler",671289,2025,26,428,71.3,31.4,26,24
"Gray, Tristan",656484,2024,28,31,74.1,13.8,29,28
"Lugo, Matthew",683090,2025,24,70,73.4,25,24,24
"Vientos, Mark",668901,2024,24,454,71.8,23.9,25,23
"Grandal, Yasmani",518735,2024,35,243,70.3,35.3,35,34
"Duffy, Matt",622110,2023,32,209,67.5,32.6,33,32
"Rojas, Johan",679032,2023,22,164,70.2,24.9,24,22
"Maldonado, Martín",455117,2025,38,161,71.2,23.3,38,36
"Wade Jr., LaMonte",664774,2025,31,242,70,27.5,31,29
"Wade, Tyler",642180,2024,29,156,66.2,31.5,30,29
"Fernández, Yanquiel",692585,2025,22,147,74.5,17.6,22,22
"Eldridge, Bryce",805811,2025,20,37,71.5,18.6,20,20
"Crow-Armstrong, Pete",691718,2023,21,19,73.1,6.1,23,21
"Devers, Rafael",646240,2023,26,656,73.4,24.3,28,26
"Florial, Estevan",664314,2023,25,71,72.3,17.4,26,25
"Dunn, Blake",694362,2025,26,75,70,20,26,25
"Castro, Willi",650489,2024,27,635,70.6,21,28,26
"Caballero, José",676609,2024,27,483,69.7,20.6,28,26
"Clement, Ernie",676391,2025,29,588,67.6,36.8,29,27
"Gray, Tristan",656484,2025,29,86,74.4,22.2,29,28
"Perkins, Blake",663368,2024,27,434,69.4,30.7,28,26
"Remillard, Zach",621545,2023,29,160,69.1,22.6,30,29
"Story, Trevor",596115,2024,31,106,68.8,16.1,32,30
"Goldschmidt, Paul",502671,2024,36,654,72.5,24.8,37,35
"Aranda, Jonathan",666018,2025,27,422,70.5,24.5,27,25
"Ford, Mike",645801,2024,31,62,69.8,25,31,30
"Jung, Josh",673962,2024,26,188,72,25,27,25
"Fraley, Jake",641584,2025,30,217,71.6,20.6,30,28
"Yoshida, Masataka",807799,2023,29,580,71.4,33.2,31,29
"De Los Santos, Luis",665782,2024,26,31,73.8,17,26,26
"Fletcher, Dominic",666150,2024,26,241,66.7,26.6,27,26
"Nuñez, Nasim",683083,2024,23,78,66.4,21,24,23
"Brennan, Will",686823,2023,25,455,68.2,30,27,25
"Thomas, Lane",657041,2025,29,142,72.7,17.8,29,27
"Estrada, Thairo",642731,2024,28,381,71,28.4,29,27
"Lewis, Kyle",641786,2023,27,54,71,14.3,27,27
"Del Castillo, Adrian",680728,2024,24,87,72.4,20.8,25,24
"Waters, Drew",671221,2025,26,219,71.6,19.5,26,24
"Stewart, Sal",701398,2025,21,58,72.1,28.3,21,21
"Tucker, Kyle",663656,2025,28,597,72,29.7,28,26
"Edwards, Xavier",669364,2024,24,303,64.5,31.5,25,23
"Langeliers, Shea",669127,2024,26,534,74.1,23.7,27,25
"Clarke, Denzel",672016,2025,25,159,74.3,19.6,25,25
"Keith, Colt",690993,2024,22,556,71.3,27.7,23,22
"DeLuca, Jonny",676356,2023,24,45,70.8,21.1,26,24
"Huff, Sam",669087,2025,27,58,73.6,16.7,27,25
"Lopez, Otto",672640,2024,25,434,70.7,30.1,26,25
"Ruiz, Keibert",660688,2024,25,485,66.4,33.9,26,24
"Kepler, Max",596146,2024,31,399,71.4,25.5,32,30
"Vázquez, Christian",543877,2025,34,214,67,31.3,34,32
"Baddoo, Akil",668731,2025,26,18,71.2,25,26,24
"Drury, Brandon",592273,2024,31,360,72.6,22.6,31,30
"Collins, Isaac",686555,2025,27,441,72.7,24.2,27,26
"Narváez, Carlos",665966,2025,26,446,72.3,25.6,26,25
"Walker, Jordan",691023,2024,22,178,77.3,20.5,23,21
"Schunk, Aaron",668845,2025,27,33,68.3,21.3,27,26
"Senzel, Nick",669222,2023,28,330,69.5,28.8,29,28
"McCray, Grant",687529,2024,23,130,72.7,14,24,23
"Martin, Austin",668885,2025,26,181,68.2,26.7,26,25
"Ruiz, Esteury",665923,2023,24,497,70.1,21.5,26,24
"Taveras, Leody",665750,2024,25,529,71.3,24.1,26,24
"Barrero, José",676480,2025,27,31,73.6,11.5,27,27
"Mervis, Matt",670223,2024,26,28,74.9,18.8,27,26
"Monasterio, Andruw",655316,2024,27,142,69.1,23,28,26
"Pereda, Jhonny",640902,2025,29,78,71,19,29,28
"Driscoll, Logan",686482,2024,26,37,69.5,22.6,26,26
"Cole Jr., Zach",805904,2025,24,52,75.1,14.5,24,24
"Marsh, Brandon",669016,2023,25,472,71.8,22.5,27,25
"Taylor, Michael A.",572191,2024,33,300,74,17.9,34,32
"Guillorme, Luis",641645,2024,29,187,64.9,32.2,30,28
"Urshela, Gio",570482,2024,32,461,68.2,28.9,33,32
"Alvarez, Yordan",670541,2023,26,496,76.7,25.3,28,26
"Meidroth, Chase",805367,2025,23,505,67.4,39.3,23,23
"Rosario, Eddie",592696,2024,32,319,70.3,29.2,32,31
"Thomas, Lane",657041,2023,27,682,71.7,31.4,29,27
"Bohm, Alec",664761,2023,26,611,72,27.1,28,26
"Garcia, Maikel",672580,2024,24,626,70.8,35.5,25,23
"Wade Jr., LaMonte",664774,2023,29,519,72.8,27.6,31,29
"Toglia, Michael",669911,2024,25,458,73.2,21.4,26,24
"Andrus, Elvis",462101,2023,34,406,68.4,31,34,34
"Kjerstad, Heston",677008,2023,24,33,72.9,27.5,26,24
"Amaya, Jacob",676070,2024,25,72,67.5,29.2,26,25
"Suzuki, Seiya",673548,2024,29,585,73,25.7,30,28
"Mauricio, Ronny",677595,2023,22,108,74.7,17.5,24,22
"Sánchez, Gary",596142,2023,30,267,73.4,25.4,32,30
"Rojas, Miguel",500743,2024,35,337,67.9,32.2,36,34
"Barnhart, Tucker",571466,2025,34,15,66.5,22.7,34,32
"Abrams, CJ",682928,2023,22,614,71.5,24.8,24,22
"Siani, Michael",672279,2025,25,19,69,10.7,25,24
"Nola, Austin",543592,2023,33,154,66.1,75,35,33
"Burleson, Alec",676475,2025,26,546,72.4,32.9,26,24
"Caratini, Victor",605170,2024,30,274,71.9,30.6,31,29
"Moore, Dylan",664238,2025,32,243,71.8,17.6,32,30
"Ornelas, Tirso",672359,2025,25,16,72.9,30.4,25,25
"Triolo, Jared",669707,2024,26,446,70.5,22.8,27,25
"Caratini, Victor",605170,2025,31,386,72.3,30.6,31,29
"McCoy, Mason",669200,2024,29,57,67.7,21.5,30,29
"García, Luis",671277,2024,24,528,71.7,28,25,23
"Winkler, Jack",676466,2025,26,16,71.8,18.2,26,26
"Wagaman, Eric",676572,2025,27,514,73.4,29.4,27,26
"Winn, Masyn",691026,2023,21,137,68.7,28.1,23,21
"Wells, Austin",669224,2023,23,75,71.5,25.2,25,23
"Johnson, Daniel",669288,2025,29,57,72.7,20.7,29,29
"Tromp, Chadwick",644433,2025,30,22,70.7,33.3,30,29
"Mastrobuoni, Miles",670156,2025,29,175,67.5,31.8,29,27
"Bogaerts, Xander",593428,2023,30,665,70.4,31.2,32,30
"Bader, Harrison",664056,2023,29,344,70.8,27.8,31,29
"Cron, C.J.",543068,2023,33,278,73.6,16.8,33,33
"Matos, Luis",682641,2025,23,184,72,28.3,23,21
"Candelario, Jeimer",600869,2024,30,463,68.4,24.7,31,29
"Fletcher, Dominic",666150,2025,27,34,68.5,28.8,27,26
"Julien, Edouard",666397,2025,26,208,70.2,26.2,26,24
"Lowe, Brandon",664040,2024,29,425,73.4,21.8,30,28
"Neto, Zach",687263,2024,23,602,71,25.4,24,22
"Hill, Derek",656537,2025,29,149,72.5,19.9,29,28
"Naylor, Bo",666310,2024,24,389,70.6,23.1,25,23
"Williams, Luke",663897,2023,26,19,71.4,21.4,28,26
"Alvarez Jr., Nacho",805373,2025,22,208,67.7,24.9,22,21
"Barnes, Austin",605131,2025,35,44,66.7,25,35,33
"Perdomo, Geraldo",672695,2023,23,495,65.7,36.3,25,23
"Rojas, Josh",668942,2024,30,476,66.6,29.1,31,29
"Jankowski, Travis",608671,2024,33,207,67,26.8,34,32
"Santana, Carlos",467793,2023,37,619,71.4,26.3,39,37
"Muncy, Max",571970,2023,32,579,71.3,25.2,34,32
"Williams, Alika",675961,2023,24,112,69.2,20.9,25,24
"Miller, Owen",680911,2024,27,27,69.6,26.5,28,26
"Ramos, Heliot",671218,2024,24,518,75.2,22.3,25,23
"Bogaerts, Xander",593428,2025,32,552,72.2,29,32,30
"Casali, Curt",592200,2024,35,125,66.8,27.7,35,34
"Gelof, Zack",680869,2025,25,101,72.1,15.3,25,23
"Trout, Mike",545361,2023,31,362,72.9,0,33,31
"Allen, Nick",669397,2024,25,105,65,30.7,26,24
"De La Cruz, Elly",682829,2025,23,699,74.5,23.8,23,21
"Polanco, Jorge",593871,2023,29,343,70.6,21.5,31,29
"Acosta, Maximo",691185,2025,22,61,68.5,31.7,22,22
"Joe, Connor",656582,2023,30,472,73.8,28,32,30
"Turner, Justin",457759,2024,39,539,65.1,27.9,40,38
"Henderson, Gunnar",683002,2024,23,719,76.3,25.2,24,22
"Robert Jr., Luis",673357,2023,25,595,75.9,17.2,27,25
"Maile, Luke",571912,2023,32,199,68.3,29.6,34,32
"Yepez, Juan",660766,2023,25,65,72.7,4.7,26,25
"Wiemer Jr., Joey",686894,2023,24,410,71.7,24.4,26,24
"Barger, Addison",680718,2025,25,502,75.9,23,25,24
"Tovar, Ezequiel",678662,2025,23,390,71.6,18.2,23,21
"Canario, Alexander",672744,2024,24,28,78,17.5,25,23
"Meneses, Joey",608841,2023,31,657,69.7,32.3,32,31
"Sosa, Edmundo",624641,2023,27,300,73.1,17.4,29,27
"Crow-Armstrong, Pete",691718,2025,23,647,72.7,22.2,23,21
"Anderson, Tim",641313,2023,30,524,68.8,21.9,32,30
"Turner, Trea",607208,2023,30,691,72.4,25.6,32,30
"Lee, Korey",686676,2023,24,70,70.3,18.7,26,24
"Báez, Javier",595879,2024,31,289,74.8,21.3,32,30
"Acuña, Luisangel",682668,2024,22,40,73.6,23.5,23,22
"Encarnacion-Strand, Christian",687952,2023,23,241,73.4,21.7,25,23
"Adell, Jo",666176,2025,26,573,77.6,19.8,26,24
"Montes, Coco",663796,2025,28,10,72.7,30,28,28
"Renfroe, Hunter",592669,2023,31,548,74.7,18.2,33,31
"Veen, Zac",691728,2025,23,37,71,14.5,23,23
"Doyle, Brenton",686668,2024,26,603,70.9,24.3,27,25
"Querecuto, Juniel",578570,2023,30,21,68.6,17.9,30,30
"Bouchard, Sean",656248,2023,27,43,71.3,25.4,29,27
"Castellanos, Nick",592206,2023,31,671,72.4,21.6,33,31
"Bader, Harrison",664056,2024,30,437,71.2,25.8,31,29
"Valera, George",671655,2025,24,48,72.3,22.4,24,24
"Muncy, Max",571970,2024,33,293,71.3,23.5,34,32
"Verdugo, Alex",657077,2024,28,621,68.3,33.4,29,27
"Greene, Riley",682985,2024,23,584,74.7,22.8,24,22
"DeLoach, Zach",676113,2024,25,75,70.1,15.3,25,25
"Arozarena, Randy",668227,2023,28,654,72.9,23.8,30,28
"Jiménez, Eloy",650391,2024,27,349,73.9,29.9,27,26
"Jeffers, Ryan",680777,2025,28,464,72.3,28.3,28,26
"Wallach, Chad",595453,2023,31,172,73.2,15.7,31,31
"Handley, Maverick",668974,2025,27,47,67.4,17.9,27,27
"Miranda, Jose",669304,2025,27,36,70.7,21.4,27,26
"Mountcastle, Ryan",663624,2023,26,470,76.3,21.5,28,26
"Lee, Korey",686676,2024,25,394,71.4,19.4,26,24
"LeMahieu, DJ",518934,2025,36,142,67.6,32.6,36,34
"Schneider, Davis",676914,2025,26,227,71.4,22.9,26,24
"Beaty, Matt",607461,2023,30,72,68.1,23,30,30
"Massey, Michael",686681,2025,27,277,70.1,27.2,27,25
"Hernández, Yonny",660634,2023,25,27,64.9,22.7,25,25
"Caballero, José",676609,2023,26,280,69.3,20.6,28,26
"Candelario, Jeimer",600869,2023,29,576,69.3,24.6,31,29
"Murphy, Sean",669221,2023,28,438,74.4,21.7,30,28
"Rutschman, Adley",668939,2024,26,638,69.1,30,27,25
"Smith, Will",669257,2025,30,436,69.8,28.4,30,28
"Myers, Dane",667472,2024,28,108,71.2,25.9,29,27
"Smith, Dominic",642086,2025,30,225,67.7,29,30,28
"Wade, Tyler",642180,2025,30,127,65,22.5,30,29
"Sheets, Gavin",657757,2024,28,501,72.7,22.6,29,27
"Pérez, Wenceel",672761,2025,25,383,70.5,27.6,25,24
"Vilade, Ryan",668723,2024,25,49,74.3,18.5,26,25
"Seager, Corey",608369,2024,30,533,72.3,26.1,31,29
"Scott II, Victor",687363,2025,24,463,69,23.1,24,23
"Maile, Luke",571912,2025,34,54,68.7,24.1,34,32
"Toglia, Michael",669911,2023,24,152,75.2,20.7,26,24
"Tatis Jr., Fernando",665487,2025,26,691,74,27.6,26,24
"Bae, Ji Hwan",678225,2024,24,81,69.1,23.8,25,23
"Urías, Ramón",602104,2024,30,301,70.5,25.7,31,29
"Murphy, Sean",669221,2025,30,337,72.6,18.4,30,28
"McCormick, Chas",676801,2023,28,457,71,20.8,30,28
"Refsnyder, Rob",608701,2023,32,243,72.9,24.8,34,32
"Smith, Dominic",642086,2024,29,307,68.8,29.4,30,28
"Kemp, Tony",643393,2023,31,419,65,39.5,32,31
"O'Hoppe, Logan",681351,2024,24,522,70.7,22.7,25,23
"Lile, Daylen",695734,2025,22,351,69.2,28.4,22,22
"Heineman, Tyler",623168,2025,34,174,66.1,24.5,34,32
"Rogers, Jake",668670,2024,29,337,70.7,26.8,30,28
"Bouchard, Sean",656248,2024,28,108,71.1,24.7,29,27
"Adrianza, Ehire",501303,2024,34,28,66.2,29.3,34,34
"Freeman, Cody",683227,2025,24,121,67.3,27.8,24,24
"Kessinger, Grae",666197,2023,25,45,70.2,16.3,26,25
"Hernández, Teoscar",606192,2025,32,546,73,24.3,32,30
"Urías, Luis",649966,2024,27,109,68.3,21.6,28,26
"Herrera, Jose",645444,2024,27,114,66.5,25.3,28,26
"Freeman, Tyler",671289,2023,24,168,72.3,21.9,26,24
"Basabe, Osleivis",678545,2023,22,94,70.7,22.7,22,22
"Story, Trevor",596115,2023,30,168,71.1,20.7,32,30
"Fitzgerald, Ryan",680837,2025,31,53,69.9,28,31,31
"Heineman, Tyler",623168,2023,32,47,65.5,26.9,34,32
"McCutchen, Andrew",457705,2025,38,551,71.1,23.8,38,36
"Bruján, Vidal",660644,2025,27,95,68.5,25.8,27,25
"Matthews, Brice",694728,2025,23,47,73.2,16.5,23,23
"Gamel, Ben",592325,2023,31,15,70.4,43.5,32,31
"Narváez, Omar",553882,2023,31,146,67.3,29.3,33,31
"Lopez, Otto",672640,2025,26,594,71.7,31.4,26,25
"McLain, Matt",680574,2025,25,577,69.7,23.8,25,23
"McGuire, Reese",624512,2025,30,140,70.7,26,30,28
"Machado, Manny",592518,2024,31,643,75.2,25.1,32,30
"Rave, John",670231,2025,27,175,73.9,20.3,27,27
"Del Castillo, Adrian",680728,2025,25,131,72.4,20,25,24
"Rodríguez, Endy",682848,2023,23,204,69.9,29.1,25,23
"Murphy, Sean",669221,2024,29,264,73.3,22.7,30,28
"Elko, Tim",671284,2025,26,72,74.2,17.2,26,26
"Encarnacion-Strand, Christian",687952,2024,24,123,71.3,22.2,25,23
"Fortes, Nick",663743,2025,28,242,72,24.4,28,26
"Naylor, Josh",647304,2023,26,495,73.2,26.8,28,26
"Miranda, Jose",669304,2024,26,429,71,29,27,26
"Whitcomb, Shay",694376,2024,25,46,70.4,22.2,26,25
"Mitchell, Garrett",669003,2025,26,78,76.1,17.8,26,24
"Tucker, Cole",657061,2024,27,57,65.6,24.4,27,26
"Wagner, Will",695238,2024,25,86,68.9,32.2,26,25
"Contreras, Willson",575929,2025,33,563,76,21,33,31
"Pham, Tommy",502054,2025,37,449,73.4,29.1,37,35
"Carpenter, Matt",572761,2024,38,157,69.3,20,38,37
